"Date","sulfate","nitrate","ID"
"2013-01-01",NA,NA,"L1001123"
"2013-01-02",NA,NA,"L1001123"
"2013-01-03",NA,NA,"L1001123"
"2013-01-04",NA,NA,"L1001123"
"2013-01-05",NA,NA,"L1001123"
"2013-01-06",NA,NA,"L1001123"
"2013-01-07",NA,NA,"L1001123"
"2013-01-08",NA,NA,"L1001123"
"2013-01-09",NA,NA,"L1001123"
"2013-01-10",NA,NA,"L1001123"
"2013-01-11",NA,NA,"L1001123"
"2013-01-12",NA,NA,"L1001123"
"2013-01-13",NA,NA,"L1001123"
"2013-01-14",NA,NA,"L1001123"
"2013-01-15",NA,NA,"L1001123"
"2013-01-16",NA,NA,"L1001123"
"2013-01-17",NA,NA,"L1001123"
"2013-01-18",NA,NA,"L1001123"
"2013-01-19",NA,NA,"L1001123"
"2013-01-20",NA,NA,"L1001123"
"2013-01-21",NA,NA,"L1001123"
"2013-01-22",NA,NA,"L1001123"
"2013-01-23",NA,NA,"L1001123"
"2013-01-24",NA,NA,"L1001123"
"2013-01-25",NA,NA,"L1001123"
"2013-01-26",NA,NA,"L1001123"
"2013-01-27",NA,NA,"L1001123"
"2013-01-28",NA,NA,"L1001123"
"2013-01-29",NA,NA,"L1001123"
"2013-01-30",NA,NA,"L1001123"
"2013-01-31",NA,NA,"L1001123"
"2013-02-01",NA,NA,"L1001123"
"2013-02-02",NA,NA,"L1001123"
"2013-02-03",NA,NA,"L1001123"
"2013-02-04",NA,NA,"L1001123"
"2013-02-05",NA,NA,"L1001123"
"2013-02-06",NA,NA,"L1001123"
"2013-02-07",NA,NA,"L1001123"
"2013-02-08",NA,NA,"L1001123"
"2013-02-09",NA,NA,"L1001123"
"2013-02-10",NA,NA,"L1001123"
"2013-02-11",NA,NA,"L1001123"
"2013-02-12",NA,NA,"L1001123"
"2013-02-13",NA,NA,"L1001123"
"2013-02-14",NA,NA,"L1001123"
"2013-02-15",NA,NA,"L1001123"
"2013-02-16",NA,NA,"L1001123"
"2013-02-17",NA,NA,"L1001123"
"2013-02-18",NA,NA,"L1001123"
"2013-02-19",NA,NA,"L1001123"
"2013-02-20",NA,NA,"L1001123"
"2013-02-21",NA,NA,"L1001123"
"2013-02-22",NA,NA,"L1001123"
"2013-02-23",NA,NA,"L1001123"
"2013-02-24",2.48,2.12,"L1001123"
"2013-02-25",NA,NA,"L1001123"
"2013-02-26",NA,NA,"L1001123"
"2013-02-27",1.26,0.359,"L1001123"
"2013-02-28",NA,NA,"L1001123"
"2013-02-29",NA,NA,"L1001123"
"2013-03-01",NA,NA,"L1001123"
"2013-03-02",NA,NA,"L1001123"
"2013-03-03",NA,NA,"L1001123"
"2013-03-04",6.6,5.94,"L1001123"
"2013-03-05",NA,NA,"L1001123"
"2013-03-06",NA,NA,"L1001123"
"2013-03-07",4.06,0.585,"L1001123"
"2013-03-08",NA,NA,"L1001123"
"2013-03-09",NA,NA,"L1001123"
"2013-03-10",3.84,1.74,"L1001123"
"2013-03-11",NA,NA,"L1001123"
"2013-03-12",NA,NA,"L1001123"
"2013-03-13",NA,NA,"L1001123"
"2013-03-14",NA,NA,"L1001123"
"2013-03-15",NA,NA,"L1001123"
"2013-03-16",1.96,0.791,"L1001123"
"2013-03-17",NA,NA,"L1001123"
"2013-03-18",NA,NA,"L1001123"
"2013-03-19",NA,NA,"L1001123"
"2013-03-20",NA,NA,"L1001123"
"2013-03-21",NA,NA,"L1001123"
"2013-03-22",NA,NA,"L1001123"
"2013-03-23",NA,NA,"L1001123"
"2013-03-24",NA,NA,"L1001123"
"2013-03-25",3.45,2.48,"L1001123"
"2013-03-26",NA,NA,"L1001123"
"2013-03-27",NA,NA,"L1001123"
"2013-03-28",NA,NA,"L1001123"
"2013-03-29",NA,NA,"L1001123"
"2013-03-30",NA,NA,"L1001123"
"2013-03-31",NA,NA,"L1001123"
"2013-04-01",NA,NA,"L1001123"
"2013-04-02",NA,NA,"L1001123"
"2013-04-03",NA,NA,"L1001123"
"2013-04-04",NA,NA,"L1001123"
"2013-04-05",NA,NA,"L1001123"
"2013-04-06",3.69,0.167,"L1001123"
"2013-04-07",NA,NA,"L1001123"
"2013-04-08",NA,NA,"L1001123"
"2013-04-09",3.8,3.01,"L1001123"
"2013-04-10",NA,NA,"L1001123"
"2013-04-11",NA,NA,"L1001123"
"2013-04-12",NA,NA,"L1001123"
"2013-04-13",NA,NA,"L1001123"
"2013-04-14",NA,NA,"L1001123"
"2013-04-15",NA,NA,"L1001123"
"2013-04-16",NA,NA,"L1001123"
"2013-04-17",NA,NA,"L1001123"
"2013-04-18",NA,NA,"L1001123"
"2013-04-19",NA,NA,"L1001123"
"2013-04-20",NA,NA,"L1001123"
"2013-04-21",1.08,0.589,"L1001123"
"2013-04-22",NA,NA,"L1001123"
"2013-04-23",NA,NA,"L1001123"
"2013-04-24",3.39,1.15,"L1001123"
"2013-04-25",NA,NA,"L1001123"
"2013-04-26",NA,NA,"L1001123"
"2013-04-27",3.81,1.58,"L1001123"
"2013-04-28",NA,NA,"L1001123"
"2013-04-29",NA,NA,"L1001123"
"2013-04-30",4.46,1.96,"L1001123"
"2013-05-01",NA,NA,"L1001123"
"2013-05-02",NA,NA,"L1001123"
"2013-05-03",NA,NA,"L1001123"
"2013-05-04",NA,NA,"L1001123"
"2013-05-05",NA,NA,"L1001123"
"2013-05-06",5.1,2.38,"L1001123"
"2013-05-07",NA,NA,"L1001123"
"2013-05-08",NA,NA,"L1001123"
"2013-05-09",3.03,1.81,"L1001123"
"2013-05-10",NA,NA,"L1001123"
"2013-05-11",NA,NA,"L1001123"
"2013-05-12",11.2,3.38,"L1001123"
"2013-05-13",NA,NA,"L1001123"
"2013-05-14",NA,NA,"L1001123"
"2013-05-15",7.53,2.29,"L1001123"
"2013-05-16",NA,NA,"L1001123"
"2013-05-17",NA,NA,"L1001123"
"2013-05-18",7.5,2.07,"L1001123"
"2013-05-19",NA,NA,"L1001123"
"2013-05-20",NA,NA,"L1001123"
"2013-05-21",6.94,4.53,"L1001123"
"2013-05-22",NA,NA,"L1001123"
"2013-05-23",NA,NA,"L1001123"
"2013-05-24",NA,NA,"L1001123"
"2013-05-25",NA,NA,"L1001123"
"2013-05-26",NA,NA,"L1001123"
"2013-05-27",1.75,1.54,"L1001123"
"2013-05-28",NA,NA,"L1001123"
"2013-05-29",NA,NA,"L1001123"
"2013-05-30",2.26,0.53,"L1001123"
"2013-05-31",NA,NA,"L1001123"
"2013-06-01",NA,NA,"L1001123"
"2013-06-02",4.67,1.91,"L1001123"
"2013-06-03",NA,NA,"L1001123"
"2013-06-04",NA,NA,"L1001123"
"2013-06-05",1.24,0.628,"L1001123"
"2013-06-06",NA,NA,"L1001123"
"2013-06-07",NA,NA,"L1001123"
"2013-06-08",19.7,3.75,"L1001123"
"2013-06-09",NA,NA,"L1001123"
"2013-06-10",NA,NA,"L1001123"
"2013-06-11",1.07,0.302,"L1001123"
"2013-06-12",NA,NA,"L1001123"
"2013-06-13",NA,NA,"L1001123"
"2013-06-14",NA,NA,"L1001123"
"2013-06-15",NA,NA,"L1001123"
"2013-06-16",NA,NA,"L1001123"
"2013-06-17",12.8,4.13,"L1001123"
"2013-06-18",NA,NA,"L1001123"
"2013-06-19",NA,NA,"L1001123"
"2013-06-20",0.826,0.147,"L1001123"
"2013-06-21",NA,NA,"L1001123"
"2013-06-22",NA,NA,"L1001123"
"2013-06-23",6.91,1.97,"L1001123"
"2013-06-24",NA,NA,"L1001123"
"2013-06-25",NA,NA,"L1001123"
"2013-06-26",7.04,1.41,"L1001123"
"2013-06-27",NA,NA,"L1001123"
"2013-06-28",NA,NA,"L1001123"
"2013-06-29",4.82,0.863,"L1001123"
"2013-06-30",NA,NA,"L1001123"
"2013-07-01",NA,NA,"L1001123"
"2013-07-02",NA,NA,"L1001123"
"2013-07-03",NA,NA,"L1001123"
"2013-07-04",NA,NA,"L1001123"
"2013-07-05",NA,NA,"L1001123"
"2013-07-06",NA,NA,"L1001123"
"2013-07-07",NA,NA,"L1001123"
"2013-07-08",8.9,0.604,"L1001123"
"2013-07-09",NA,NA,"L1001123"
"2013-07-10",NA,NA,"L1001123"
"2013-07-11",2.13,0.385,"L1001123"
"2013-07-12",NA,NA,"L1001123"
"2013-07-13",NA,NA,"L1001123"
"2013-07-14",2.32,0.789,"L1001123"
"2013-07-15",NA,NA,"L1001123"
"2013-07-16",NA,NA,"L1001123"
"2013-07-17",4.59,0.691,"L1001123"
"2013-07-18",NA,NA,"L1001123"
"2013-07-19",NA,NA,"L1001123"
"2013-07-20",7.85,1.88,"L1001123"
"2013-07-21",NA,NA,"L1001123"
"2013-07-22",NA,NA,"L1001123"
"2013-07-23",17.3,0.696,"L1001123"
"2013-07-24",NA,NA,"L1001123"
"2013-07-25",NA,NA,"L1001123"
"2013-07-26",NA,NA,"L1001123"
"2013-07-27",NA,NA,"L1001123"
"2013-07-28",NA,NA,"L1001123"
"2013-07-29",7.59,1.24,"L1001123"
"2013-07-30",NA,NA,"L1001123"
"2013-07-31",NA,NA,"L1001123"
"2013-08-01",1.85,0.506,"L1001123"
"2013-08-02",NA,NA,"L1001123"
"2013-08-03",NA,NA,"L1001123"
"2013-08-04",5.84,0.798,"L1001123"
"2013-08-05",NA,NA,"L1001123"
"2013-08-06",NA,NA,"L1001123"
"2013-08-07",3.16,0.191,"L1001123"
"2013-08-08",NA,NA,"L1001123"
"2013-08-09",NA,NA,"L1001123"
"2013-08-10",9.68,1.95,"L1001123"
"2013-08-11",NA,NA,"L1001123"
"2013-08-12",NA,NA,"L1001123"
"2013-08-13",1.73,0.601,"L1001123"
"2013-08-14",NA,NA,"L1001123"
"2013-08-15",NA,NA,"L1001123"
"2013-08-16",NA,NA,"L1001123"
"2013-08-17",NA,NA,"L1001123"
"2013-08-18",NA,NA,"L1001123"
"2013-08-19",11.5,0.9,"L1001123"
"2013-08-20",1.62,0.238,"L1001123"
"2013-08-21",NA,NA,"L1001123"
"2013-08-22",NA,NA,"L1001123"
"2013-08-23",NA,NA,"L1001123"
"2013-08-24",NA,NA,"L1001123"
"2013-08-25",1.07,0.494,"L1001123"
"2013-08-26",NA,NA,"L1001123"
"2013-08-27",NA,NA,"L1001123"
"2013-08-28",8.75,1.76,"L1001123"
"2013-08-29",NA,NA,"L1001123"
"2013-08-30",NA,NA,"L1001123"
"2013-08-31",2.73,0.355,"L1001123"
"2013-09-01",NA,NA,"L1001123"
"2013-09-02",NA,NA,"L1001123"
"2013-09-03",2.93,0.487,"L1001123"
"2013-09-04",NA,NA,"L1001123"
"2013-09-05",NA,NA,"L1001123"
"2013-09-06",NA,NA,"L1001123"
"2013-09-07",NA,NA,"L1001123"
"2013-09-08",NA,NA,"L1001123"
"2013-09-09",1.47,0.298,"L1001123"
"2013-09-10",NA,NA,"L1001123"
"2013-09-11",NA,NA,"L1001123"
"2013-09-12",2.3,1.24,"L1001123"
"2013-09-13",NA,NA,"L1001123"
"2013-09-14",NA,NA,"L1001123"
"2013-09-15",0.692,0.331,"L1001123"
"2013-09-16",NA,NA,"L1001123"
"2013-09-17",NA,NA,"L1001123"
"2013-09-18",NA,NA,"L1001123"
"2013-09-19",NA,NA,"L1001123"
"2013-09-20",NA,NA,"L1001123"
"2013-09-21",2.28,0.321,"L1001123"
"2013-09-22",NA,NA,"L1001123"
"2013-09-23",NA,NA,"L1001123"
"2013-09-24",NA,NA,"L1001123"
"2013-09-25",NA,NA,"L1001123"
"2013-09-26",NA,NA,"L1001123"
"2013-09-27",NA,NA,"L1001123"
"2013-09-28",NA,NA,"L1001123"
"2013-09-29",NA,NA,"L1001123"
"2013-09-30",1.36,0.956,"L1001123"
"2013-10-01",NA,NA,"L1001123"
"2013-10-02",NA,NA,"L1001123"
"2013-10-03",0.754,0.3,"L1001123"
"2013-10-04",NA,NA,"L1001123"
"2013-10-05",NA,NA,"L1001123"
"2013-10-06",1.66,0.646,"L1001123"
"2013-10-07",NA,NA,"L1001123"
"2013-10-08",NA,NA,"L1001123"
"2013-10-09",6.54,1.58,"L1001123"
"2013-10-10",NA,NA,"L1001123"
"2013-10-11",NA,NA,"L1001123"
"2013-10-12",NA,NA,"L1001123"
"2013-10-13",NA,NA,"L1001123"
"2013-10-14",NA,NA,"L1001123"
"2013-10-15",3,2.1,"L1001123"
"2013-10-16",NA,NA,"L1001123"
"2013-10-17",NA,NA,"L1001123"
"2013-10-18",NA,NA,"L1001123"
"2013-10-19",NA,NA,"L1001123"
"2013-10-20",NA,NA,"L1001123"
"2013-10-21",1.53,0.53,"L1001123"
"2013-10-22",NA,NA,"L1001123"
"2013-10-23",NA,NA,"L1001123"
"2013-10-24",1.53,0.475,"L1001123"
"2013-10-25",NA,NA,"L1001123"
"2013-10-26",NA,NA,"L1001123"
"2013-10-27",2.81,0.606,"L1001123"
"2013-10-28",NA,NA,"L1001123"
"2013-10-29",NA,NA,"L1001123"
"2013-10-30",5.09,1.81,"L1001123"
"2013-10-31",NA,NA,"L1001123"
"2013-11-01",NA,NA,"L1001123"
"2013-11-02",1.29,0.502,"L1001123"
"2013-11-03",NA,NA,"L1001123"
"2013-11-04",NA,NA,"L1001123"
"2013-11-05",1.08,0.312,"L1001123"
"2013-11-06",NA,NA,"L1001123"
"2013-11-07",NA,NA,"L1001123"
"2013-11-08",NA,NA,"L1001123"
"2013-11-09",NA,NA,"L1001123"
"2013-11-10",NA,NA,"L1001123"
"2013-11-11",2.87,2.64,"L1001123"
"2013-11-12",NA,NA,"L1001123"
"2013-11-13",NA,NA,"L1001123"
"2013-11-14",NA,NA,"L1001123"
"2013-11-15",NA,NA,"L1001123"
"2013-11-16",NA,NA,"L1001123"
"2013-11-17",3.39,3.36,"L1001123"
"2013-11-18",NA,NA,"L1001123"
"2013-11-19",NA,NA,"L1001123"
"2013-11-20",2.12,1.79,"L1001123"
"2013-11-21",NA,NA,"L1001123"
"2013-11-22",NA,NA,"L1001123"
"2013-11-23",2.77,2.34,"L1001123"
"2013-11-24",NA,NA,"L1001123"
"2013-11-25",NA,NA,"L1001123"
"2013-11-26",1.76,0.946,"L1001123"
"2013-11-27",NA,NA,"L1001123"
"2013-11-28",NA,NA,"L1001123"
"2013-11-29",NA,NA,"L1001123"
"2013-11-30",NA,NA,"L1001123"
"2013-12-01",NA,NA,"L1001123"
"2013-12-02",2.23,2.14,"L1001123"
"2013-12-03",NA,NA,"L1001123"
"2013-12-04",NA,NA,"L1001123"
"2013-12-05",NA,NA,"L1001123"
"2013-12-06",NA,NA,"L1001123"
"2013-12-07",NA,NA,"L1001123"
"2013-12-08",1.88,0.648,"L1001123"
"2013-12-09",NA,NA,"L1001123"
"2013-12-10",NA,NA,"L1001123"
"2013-12-11",2.8,3.2,"L1001123"
"2013-12-12",NA,NA,"L1001123"
"2013-12-13",NA,NA,"L1001123"
"2013-12-14",1.53,0.629,"L1001123"
"2013-12-15",NA,NA,"L1001123"
"2013-12-16",NA,NA,"L1001123"
"2013-12-17",NA,NA,"L1001123"
"2013-12-18",NA,NA,"L1001123"
"2013-12-19",NA,NA,"L1001123"
"2013-12-20",1.29,0.88,"L1001123"
"2013-12-21",NA,NA,"L1001123"
"2013-12-22",NA,NA,"L1001123"
"2013-12-23",NA,NA,"L1001123"
"2013-12-24",NA,NA,"L1001123"
"2013-12-25",NA,NA,"L1001123"
"2013-12-26",NA,NA,"L1001123"
"2013-12-27",NA,NA,"L1001123"
"2013-12-28",NA,NA,"L1001123"
"2013-12-29",4.74,5.3,"L1001123"
"2013-12-30",NA,NA,"L1001123"
"2013-12-31",NA,NA,"L1001123"
"2014-01-01",3.95,3.33,"L1001123"
"2014-01-02",NA,NA,"L1001123"
"2014-01-03",NA,NA,"L1001123"
"2014-01-04",1.64,1.35,"L1001123"
"2014-01-05",NA,NA,"L1001123"
"2014-01-06",NA,NA,"L1001123"
"2014-01-07",NA,NA,"L1001123"
"2014-01-08",NA,NA,"L1001123"
"2014-01-09",NA,NA,"L1001123"
"2014-01-10",NA,NA,"L1001123"
"2014-01-11",NA,NA,"L1001123"
"2014-01-12",NA,NA,"L1001123"
"2014-01-13",2.83,1.8,"L1001123"
"2014-01-14",NA,NA,"L1001123"
"2014-01-15",NA,NA,"L1001123"
"2014-01-16",3.7,3.35,"L1001123"
"2014-01-17",NA,NA,"L1001123"
"2014-01-18",NA,NA,"L1001123"
"2014-01-19",2.82,3.91,"L1001123"
"2014-01-20",NA,NA,"L1001123"
"2014-01-21",NA,NA,"L1001123"
"2014-01-22",NA,NA,"L1001123"
"2014-01-23",NA,NA,"L1001123"
"2014-01-24",NA,NA,"L1001123"
"2014-01-25",2.87,1.97,"L1001123"
"2014-01-26",NA,NA,"L1001123"
"2014-01-27",NA,NA,"L1001123"
"2014-01-28",1.62,1.46,"L1001123"
"2014-01-29",NA,NA,"L1001123"
"2014-01-30",NA,NA,"L1001123"
"2014-01-31",NA,NA,"L1001123"
"2014-02-01",NA,NA,"L1001123"
"2014-02-02",NA,NA,"L1001123"
"2014-02-03",3.04,3.18,"L1001123"
"2014-02-04",NA,NA,"L1001123"
"2014-02-05",NA,NA,"L1001123"
"2014-02-06",4.16,1.63,"L1001123"
"2014-02-07",NA,NA,"L1001123"
"2014-02-08",NA,NA,"L1001123"
"2014-02-09",NA,NA,"L1001123"
"2014-02-10",NA,NA,"L1001123"
"2014-02-11",NA,NA,"L1001123"
"2014-02-12",3.36,2.62,"L1001123"
"2014-02-13",NA,NA,"L1001123"
"2014-02-14",NA,NA,"L1001123"
"2014-02-15",2.47,1.4,"L1001123"
"2014-02-16",NA,NA,"L1001123"
"2014-02-17",NA,NA,"L1001123"
"2014-02-18",NA,NA,"L1001123"
"2014-02-19",NA,NA,"L1001123"
"2014-02-20",NA,NA,"L1001123"
"2014-02-21",1.83,1.04,"L1001123"
"2014-02-22",NA,NA,"L1001123"
"2014-02-23",NA,NA,"L1001123"
"2014-02-24",1.12,1.12,"L1001123"
"2014-02-25",NA,NA,"L1001123"
"2014-02-26",NA,NA,"L1001123"
"2014-02-27",3.02,1.28,"L1001123"
"2014-02-28",NA,NA,"L1001123"
"2014-03-01",NA,NA,"L1001123"
"2014-03-02",NA,NA,"L1001123"
"2014-03-03",NA,NA,"L1001123"
"2014-03-04",NA,NA,"L1001123"
"2014-03-05",3.26,1.68,"L1001123"
"2014-03-06",NA,NA,"L1001123"
"2014-03-07",NA,NA,"L1001123"
"2014-03-08",3.99,1.63,"L1001123"
"2014-03-09",NA,NA,"L1001123"
"2014-03-10",NA,NA,"L1001123"
"2014-03-11",3.89,3.69,"L1001123"
"2014-03-12",NA,NA,"L1001123"
"2014-03-13",NA,NA,"L1001123"
"2014-03-14",NA,NA,"L1001123"
"2014-03-15",NA,NA,"L1001123"
"2014-03-16",NA,NA,"L1001123"
"2014-03-17",2.62,1.75,"L1001123"
"2014-03-18",NA,NA,"L1001123"
"2014-03-19",NA,NA,"L1001123"
"2014-03-20",3.57,4.19,"L1001123"
"2014-03-21",NA,NA,"L1001123"
"2014-03-22",NA,NA,"L1001123"
"2014-03-23",3.02,3.08,"L1001123"
"2014-03-24",NA,NA,"L1001123"
"2014-03-25",NA,NA,"L1001123"
"2014-03-26",3,0.833,"L1001123"
"2014-03-27",NA,NA,"L1001123"
"2014-03-28",NA,NA,"L1001123"
"2014-03-29",0.752,0.37,"L1001123"
"2014-03-30",NA,NA,"L1001123"
"2014-03-31",NA,NA,"L1001123"
"2014-04-01",2.69,1.57,"L1001123"
"2014-04-02",NA,NA,"L1001123"
"2014-04-03",NA,NA,"L1001123"
"2014-04-04",NA,NA,"L1001123"
"2014-04-05",NA,NA,"L1001123"
"2014-04-06",NA,NA,"L1001123"
"2014-04-07",5.53,3.16,"L1001123"
"2014-04-08",NA,NA,"L1001123"
"2014-04-09",NA,NA,"L1001123"
"2014-04-10",3.39,1.46,"L1001123"
"2014-04-11",NA,NA,"L1001123"
"2014-04-12",NA,NA,"L1001123"
"2014-04-13",1.06,0.67,"L1001123"
"2014-04-14",NA,NA,"L1001123"
"2014-04-15",NA,NA,"L1001123"
"2014-04-16",1.37,0.571,"L1001123"
"2014-04-17",NA,NA,"L1001123"
"2014-04-18",NA,NA,"L1001123"
"2014-04-19",6.24,2.02,"L1001123"
"2014-04-20",NA,NA,"L1001123"
"2014-04-21",NA,NA,"L1001123"
"2014-04-22",1.74,1.09,"L1001123"
"2014-04-23",NA,NA,"L1001123"
"2014-04-24",NA,NA,"L1001123"
"2014-04-25",NA,NA,"L1001123"
"2014-04-26",NA,NA,"L1001123"
"2014-04-27",NA,NA,"L1001123"
"2014-04-28",NA,NA,"L1001123"
"2014-04-29",NA,NA,"L1001123"
"2014-04-30",NA,NA,"L1001123"
"2014-05-01",3.39,1.12,"L1001123"
"2014-05-02",NA,NA,"L1001123"
"2014-05-03",NA,NA,"L1001123"
"2014-05-04",3.68,0.785,"L1001123"
"2014-05-05",NA,NA,"L1001123"
"2014-05-06",NA,NA,"L1001123"
"2014-05-07",1.36,0.236,"L1001123"
"2014-05-08",NA,NA,"L1001123"
"2014-05-09",NA,NA,"L1001123"
"2014-05-10",NA,NA,"L1001123"
"2014-05-11",NA,NA,"L1001123"
"2014-05-12",NA,NA,"L1001123"
"2014-05-13",2.44,0.551,"L1001123"
"2014-05-14",NA,NA,"L1001123"
"2014-05-15",NA,NA,"L1001123"
"2014-05-16",NA,NA,"L1001123"
"2014-05-17",NA,NA,"L1001123"
"2014-05-18",NA,NA,"L1001123"
"2014-05-19",2.8,0.696,"L1001123"
"2014-05-20",NA,NA,"L1001123"
"2014-05-21",NA,NA,"L1001123"
"2014-05-22",0.945,0.432,"L1001123"
"2014-05-23",NA,NA,"L1001123"
"2014-05-24",NA,NA,"L1001123"
"2014-05-25",0.45,0.12,"L1001123"
"2014-05-26",NA,NA,"L1001123"
"2014-05-27",NA,NA,"L1001123"
"2014-05-28",4.06,2.11,"L1001123"
"2014-05-29",NA,NA,"L1001123"
"2014-05-30",NA,NA,"L1001123"
"2014-05-31",NA,NA,"L1001123"
"2014-06-01",NA,NA,"L1001123"
"2014-06-02",NA,NA,"L1001123"
"2014-06-03",5.51,0.703,"L1001123"
"2014-06-04",NA,NA,"L1001123"
"2014-06-05",NA,NA,"L1001123"
"2014-06-06",NA,NA,"L1001123"
"2014-06-07",NA,NA,"L1001123"
"2014-06-08",NA,NA,"L1001123"
"2014-06-09",11.8,1.94,"L1001123"
"2014-06-10",NA,NA,"L1001123"
"2014-06-11",NA,NA,"L1001123"
"2014-06-12",5.24,1.65,"L1001123"
"2014-06-13",NA,NA,"L1001123"
"2014-06-14",NA,NA,"L1001123"
"2014-06-15",6.27,0.952,"L1001123"
"2014-06-16",NA,NA,"L1001123"
"2014-06-17",NA,NA,"L1001123"
"2014-06-18",1.39,0.416,"L1001123"
"2014-06-19",NA,NA,"L1001123"
"2014-06-20",NA,NA,"L1001123"
"2014-06-21",NA,NA,"L1001123"
"2014-06-22",NA,NA,"L1001123"
"2014-06-23",NA,NA,"L1001123"
"2014-06-24",6.77,2.55,"L1001123"
"2014-06-25",NA,NA,"L1001123"
"2014-06-26",NA,NA,"L1001123"
"2014-06-27",NA,NA,"L1001123"
"2014-06-28",NA,NA,"L1001123"
"2014-06-29",NA,NA,"L1001123"
"2014-06-30",4.5,1.25,"L1001123"
"2014-07-01",NA,NA,"L1001123"
"2014-07-02",NA,NA,"L1001123"
"2014-07-03",2.14,0.645,"L1001123"
"2014-07-04",NA,NA,"L1001123"
"2014-07-05",NA,NA,"L1001123"
"2014-07-06",6.78,0.585,"L1001123"
"2014-07-07",NA,NA,"L1001123"
"2014-07-08",NA,NA,"L1001123"
"2014-07-09",NA,NA,"L1001123"
"2014-07-10",NA,NA,"L1001123"
"2014-07-11",NA,NA,"L1001123"
"2014-07-12",NA,NA,"L1001123"
"2014-07-13",NA,NA,"L1001123"
"2014-07-14",NA,NA,"L1001123"
"2014-07-15",6.36,0.562,"L1001123"
"2014-07-16",NA,NA,"L1001123"
"2014-07-17",NA,NA,"L1001123"
"2014-07-18",NA,NA,"L1001123"
"2014-07-19",NA,NA,"L1001123"
"2014-07-20",NA,NA,"L1001123"
"2014-07-21",2.14,0.292,"L1001123"
"2014-07-22",NA,NA,"L1001123"
"2014-07-23",NA,NA,"L1001123"
"2014-07-24",1.99,0.337,"L1001123"
"2014-07-25",NA,NA,"L1001123"
"2014-07-26",NA,NA,"L1001123"
"2014-07-27",15.5,1.5,"L1001123"
"2014-07-28",NA,NA,"L1001123"
"2014-07-29",NA,NA,"L1001123"
"2014-07-30",6.6,0.947,"L1001123"
"2014-07-31",NA,NA,"L1001123"
"2014-08-01",NA,NA,"L1001123"
"2014-08-02",NA,NA,"L1001123"
"2014-08-03",NA,NA,"L1001123"
"2014-08-04",NA,NA,"L1001123"
"2014-08-05",12,2.09,"L1001123"
"2014-08-06",NA,NA,"L1001123"
"2014-08-07",NA,NA,"L1001123"
"2014-08-08",NA,NA,"L1001123"
"2014-08-09",NA,NA,"L1001123"
"2014-08-10",NA,NA,"L1001123"
"2014-08-11",NA,0.582,"L1001123"
"2014-08-12",NA,NA,"L1001123"
"2014-08-13",NA,NA,"L1001123"
"2014-08-14",NA,1.67,"L1001123"
"2014-08-15",NA,NA,"L1001123"
"2014-08-16",NA,NA,"L1001123"
"2014-08-17",3.18,1.13,"L1001123"
"2014-08-18",NA,NA,"L1001123"
"2014-08-19",3.16,0.615,"L1001123"
"2014-08-20",NA,NA,"L1001123"
"2014-08-21",NA,NA,"L1001123"
"2014-08-22",NA,NA,"L1001123"
"2014-08-23",2.17,0.171,"L1001123"
"2014-08-24",NA,NA,"L1001123"
"2014-08-25",NA,NA,"L1001123"
"2014-08-26",1.96,0.437,"L1001123"
"2014-08-27",NA,NA,"L1001123"
"2014-08-28",NA,NA,"L1001123"
"2014-08-29",NA,NA,"L1001123"
"2014-08-30",NA,NA,"L1001123"
"2014-08-31",NA,NA,"L1001123"
"2014-09-01",3.43,0.129,"L1001123"
"2014-09-02",NA,NA,"L1001123"
"2014-09-03",NA,NA,"L1001123"
"2014-09-04",NA,NA,"L1001123"
"2014-09-05",NA,NA,"L1001123"
"2014-09-06",NA,NA,"L1001123"
"2014-09-07",1.65,0.525,"L1001123"
"2014-09-08",NA,NA,"L1001123"
"2014-09-09",NA,NA,"L1001123"
"2014-09-10",NA,0.214,"L1001123"
"2014-09-11",NA,NA,"L1001123"
"2014-09-12",NA,NA,"L1001123"
"2014-09-13",18.9,1.53,"L1001123"
"2014-09-14",NA,NA,"L1001123"
"2014-09-15",NA,NA,"L1001123"
"2014-09-16",2.55,0.37,"L1001123"
"2014-09-17",NA,NA,"L1001123"
"2014-09-18",NA,NA,"L1001123"
"2014-09-19",NA,NA,"L1001123"
"2014-09-20",NA,NA,"L1001123"
"2014-09-21",NA,NA,"L1001123"
"2014-09-22",3.55,0.944,"L1001123"
"2014-09-23",NA,NA,"L1001123"
"2014-09-24",NA,NA,"L1001123"
"2014-09-25",2.29,0.429,"L1001123"
"2014-09-26",NA,NA,"L1001123"
"2014-09-27",NA,NA,"L1001123"
"2014-09-28",0.942,0.189,"L1001123"
"2014-09-29",NA,NA,"L1001123"
"2014-09-30",NA,NA,"L1001123"
"2014-10-01",2.17,1.48,"L1001123"
"2014-10-02",NA,NA,"L1001123"
"2014-10-03",NA,NA,"L1001123"
"2014-10-04",3.66,0.968,"L1001123"
"2014-10-05",NA,NA,"L1001123"
"2014-10-06",6.11,1.77,"L1001123"
"2014-10-07",NA,NA,"L1001123"
"2014-10-08",NA,NA,"L1001123"
"2014-10-09",NA,NA,"L1001123"
"2014-10-10",NA,NA,"L1001123"
"2014-10-11",NA,NA,"L1001123"
"2014-10-12",NA,NA,"L1001123"
"2014-10-13",0.729,0.231,"L1001123"
"2014-10-14",NA,NA,"L1001123"
"2014-10-15",NA,NA,"L1001123"
"2014-10-16",1.26,0.0666,"L1001123"
"2014-10-17",NA,NA,"L1001123"
"2014-10-18",NA,NA,"L1001123"
"2014-10-19",3.44,0.802,"L1001123"
"2014-10-20",NA,NA,"L1001123"
"2014-10-21",NA,NA,"L1001123"
"2014-10-22",1.33,0.727,"L1001123"
"2014-10-23",NA,NA,"L1001123"
"2014-10-24",NA,NA,"L1001123"
"2014-10-25",0.334,0.109,"L1001123"
"2014-10-26",NA,NA,"L1001123"
"2014-10-27",NA,NA,"L1001123"
"2014-10-28",1.26,0.537,"L1001123"
"2014-10-29",NA,NA,"L1001123"
"2014-10-30",NA,NA,"L1001123"
"2014-10-31",NA,NA,"L1001123"
"2014-11-01",NA,NA,"L1001123"
"2014-11-02",NA,NA,"L1001123"
"2014-11-03",3.11,0.918,"L1001123"
"2014-11-04",NA,NA,"L1001123"
"2014-11-05",NA,NA,"L1001123"
"2014-11-06",9.38,4.15,"L1001123"
"2014-11-07",NA,NA,"L1001123"
"2014-11-08",NA,NA,"L1001123"
"2014-11-09",2.19,0.564,"L1001123"
"2014-11-10",NA,NA,"L1001123"
"2014-11-11",NA,NA,"L1001123"
"2014-11-12",3.19,2.8,"L1001123"
"2014-11-13",NA,NA,"L1001123"
"2014-11-14",NA,NA,"L1001123"
"2014-11-15",1.74,1.02,"L1001123"
"2014-11-16",NA,NA,"L1001123"
"2014-11-17",NA,NA,"L1001123"
"2014-11-18",2.18,0.655,"L1001123"
"2014-11-19",NA,NA,"L1001123"
"2014-11-20",NA,NA,"L1001123"
"2014-11-21",NA,NA,"L1001123"
"2014-11-22",NA,NA,"L1001123"
"2014-11-23",NA,NA,"L1001123"
"2014-11-24",1.56,1.35,"L1001123"
"2014-11-25",NA,NA,"L1001123"
"2014-11-26",NA,NA,"L1001123"
"2014-11-27",4.87,5.5,"L1001123"
"2014-11-28",NA,NA,"L1001123"
"2014-11-29",NA,NA,"L1001123"
"2014-11-30",2.77,0.633,"L1001123"
"2014-12-01",NA,NA,"L1001123"
"2014-12-02",NA,NA,"L1001123"
"2014-12-03",0.933,0.318,"L1001123"
"2014-12-04",NA,NA,"L1001123"
"2014-12-05",NA,NA,"L1001123"
"2014-12-06",4.49,1.65,"L1001123"
"2014-12-07",NA,NA,"L1001123"
"2014-12-08",NA,NA,"L1001123"
"2014-12-09",4.97,1.9,"L1001123"
"2014-12-10",NA,NA,"L1001123"
"2014-12-11",NA,NA,"L1001123"
"2014-12-12",NA,NA,"L1001123"
"2014-12-13",NA,NA,"L1001123"
"2014-12-14",NA,NA,"L1001123"
"2014-12-15",3.23,4.24,"L1001123"
"2014-12-16",NA,NA,"L1001123"
"2014-12-17",NA,NA,"L1001123"
"2014-12-18",6.93,3.76,"L1001123"
"2014-12-19",NA,NA,"L1001123"
"2014-12-20",NA,NA,"L1001123"
"2014-12-21",3.75,4.93,"L1001123"
"2014-12-22",NA,NA,"L1001123"
"2014-12-23",NA,NA,"L1001123"
"2014-12-24",5.22,5.19,"L1001123"
"2014-12-25",NA,NA,"L1001123"
"2014-12-26",NA,NA,"L1001123"
"2014-12-27",NA,NA,"L1001123"
"2014-12-28",NA,NA,"L1001123"
"2014-12-29",NA,NA,"L1001123"
"2014-12-30",3.57,0.359,"L1001123"
"2014-12-31",NA,NA,"L1001123"
"2015-01-01",NA,NA,"L1001123"
"2015-01-02",NA,NA,"L1001123"
"2015-01-03",NA,NA,"L1001123"
"2015-01-04",NA,NA,"L1001123"
"2015-01-05",NA,NA,"L1001123"
"2015-01-06",NA,NA,"L1001123"
"2015-01-07",NA,NA,"L1001123"
"2015-01-08",4.19,3.57,"L1001123"
"2015-01-09",NA,NA,"L1001123"
"2015-01-10",NA,NA,"L1001123"
"2015-01-11",5.58,3.9,"L1001123"
"2015-01-12",NA,NA,"L1001123"
"2015-01-13",NA,NA,"L1001123"
"2015-01-14",NA,NA,"L1001123"
"2015-01-15",NA,NA,"L1001123"
"2015-01-16",NA,NA,"L1001123"
"2015-01-17",NA,NA,"L1001123"
"2015-01-18",NA,NA,"L1001123"
"2015-01-19",NA,NA,"L1001123"
"2015-01-20",NA,NA,"L1001123"
"2015-01-21",NA,NA,"L1001123"
"2015-01-22",NA,NA,"L1001123"
"2015-01-23",1.57,1.4,"L1001123"
"2015-01-24",NA,NA,"L1001123"
"2015-01-25",NA,NA,"L1001123"
"2015-01-26",4.27,0.345,"L1001123"
"2015-01-27",NA,NA,"L1001123"
"2015-01-28",NA,NA,"L1001123"
"2015-01-29",4.54,2.1,"L1001123"
"2015-01-30",NA,NA,"L1001123"
"2015-01-31",NA,NA,"L1001123"
"2015-02-01",3.19,0.449,"L1001123"
"2015-02-02",NA,NA,"L1001123"
"2015-02-03",NA,NA,"L1001123"
"2015-02-04",6.15,1.35,"L1001123"
"2015-02-05",NA,NA,"L1001123"
"2015-02-06",NA,NA,"L1001123"
"2015-02-07",NA,NA,"L1001123"
"2015-02-08",NA,NA,"L1001123"
"2015-02-09",NA,NA,"L1001123"
"2015-02-10",2.15,2.17,"L1001123"
"2015-02-11",NA,NA,"L1001123"
"2015-02-12",NA,NA,"L1001123"
"2015-02-13",NA,NA,"L1001123"
"2015-02-14",NA,NA,"L1001123"
"2015-02-15",NA,NA,"L1001123"
"2015-02-16",6.45,5.29,"L1001123"
"2015-02-17",NA,NA,"L1001123"
"2015-02-18",NA,NA,"L1001123"
"2015-02-19",NA,NA,"L1001123"
"2015-02-20",NA,NA,"L1001123"
"2015-02-21",NA,NA,"L1001123"
"2015-02-22",6.47,5.19,"L1001123"
"2015-02-23",NA,NA,"L1001123"
"2015-02-24",NA,NA,"L1001123"
"2015-02-25",1.71,0.766,"L1001123"
"2015-02-26",NA,NA,"L1001123"
"2015-02-27",NA,NA,"L1001123"
"2015-02-28",3.08,0.921,"L1001123"
"2015-03-01",NA,NA,"L1001123"
"2015-03-02",NA,NA,"L1001123"
"2015-03-03",NA,NA,"L1001123"
"2015-03-04",NA,NA,"L1001123"
"2015-03-05",NA,NA,"L1001123"
"2015-03-06",1.34,1.06,"L1001123"
"2015-03-07",NA,NA,"L1001123"
"2015-03-08",NA,NA,"L1001123"
"2015-03-09",2.49,1.74,"L1001123"
"2015-03-10",NA,NA,"L1001123"
"2015-03-11",NA,NA,"L1001123"
"2015-03-12",4.49,2.92,"L1001123"
"2015-03-13",NA,NA,"L1001123"
"2015-03-14",NA,NA,"L1001123"
"2015-03-15",2.13,0.202,"L1001123"
"2015-03-16",NA,NA,"L1001123"
"2015-03-17",NA,NA,"L1001123"
"2015-03-18",2.55,0.275,"L1001123"
"2015-03-19",NA,NA,"L1001123"
"2015-03-20",NA,NA,"L1001123"
"2015-03-21",NA,NA,"L1001123"
"2015-03-22",NA,NA,"L1001123"
"2015-03-23",NA,NA,"L1001123"
"2015-03-24",0.853,0.354,"L1001123"
"2015-03-25",NA,NA,"L1001123"
"2015-03-26",NA,NA,"L1001123"
"2015-03-27",NA,NA,"L1001123"
"2015-03-28",NA,NA,"L1001123"
"2015-03-29",NA,NA,"L1001123"
"2015-03-30",5.76,3.61,"L1001123"
"2015-03-31",NA,NA,"L1001123"
"2015-04-01",NA,NA,"L1001123"
"2015-04-02",1.82,0.175,"L1001123"
"2015-04-03",NA,NA,"L1001123"
"2015-04-04",NA,NA,"L1001123"
"2015-04-05",3.05,0.903,"L1001123"
"2015-04-06",NA,NA,"L1001123"
"2015-04-07",NA,NA,"L1001123"
"2015-04-08",2.41,1.88,"L1001123"
"2015-04-09",NA,NA,"L1001123"
"2015-04-10",NA,NA,"L1001123"
"2015-04-11",4.06,2.98,"L1001123"
"2015-04-12",NA,NA,"L1001123"
"2015-04-13",NA,NA,"L1001123"
"2015-04-14",2.54,2.69,"L1001123"
"2015-04-15",NA,NA,"L1001123"
"2015-04-16",NA,NA,"L1001123"
"2015-04-17",NA,NA,"L1001123"
"2015-04-18",NA,NA,"L1001123"
"2015-04-19",NA,NA,"L1001123"
"2015-04-20",0.938,0.244,"L1001123"
"2015-04-21",NA,NA,"L1001123"
"2015-04-22",NA,NA,"L1001123"
"2015-04-23",NA,NA,"L1001123"
"2015-04-24",0.992,0.602,"L1001123"
"2015-04-25",NA,NA,"L1001123"
"2015-04-26",0.921,0.278,"L1001123"
"2015-04-27",NA,NA,"L1001123"
"2015-04-28",NA,NA,"L1001123"
"2015-04-29",NA,NA,"L1001123"
"2015-04-30",NA,NA,"L1001123"
"2015-05-01",NA,NA,"L1001123"
"2015-05-02",NA,NA,"L1001123"
"2015-05-03",NA,NA,"L1001123"
"2015-05-04",NA,NA,"L1001123"
"2015-05-05",3.54,1.01,"L1001123"
"2015-05-06",NA,NA,"L1001123"
"2015-05-07",NA,NA,"L1001123"
"2015-05-08",NA,NA,"L1001123"
"2015-05-09",NA,NA,"L1001123"
"2015-05-10",NA,NA,"L1001123"
"2015-05-11",1.79,0.362,"L1001123"
"2015-05-12",NA,NA,"L1001123"
"2015-05-13",NA,NA,"L1001123"
"2015-05-14",0.412,0.219,"L1001123"
"2015-05-15",NA,NA,"L1001123"
"2015-05-16",NA,NA,"L1001123"
"2015-05-17",8.28,1.89,"L1001123"
"2015-05-18",NA,NA,"L1001123"
"2015-05-19",NA,NA,"L1001123"
"2015-05-20",3.31,0.676,"L1001123"
"2015-05-21",NA,NA,"L1001123"
"2015-05-22",NA,NA,"L1001123"
"2015-05-23",NA,NA,"L1001123"
"2015-05-24",NA,NA,"L1001123"
"2015-05-25",NA,NA,"L1001123"
"2015-05-26",NA,NA,"L1001123"
"2015-05-27",NA,NA,"L1001123"
"2015-05-28",NA,NA,"L1001123"
"2015-05-29",12.8,2.41,"L1001123"
"2015-05-30",NA,NA,"L1001123"
"2015-05-31",NA,NA,"L1001123"
"2015-06-01",9.04,1.79,"L1001123"
"2015-06-02",NA,NA,"L1001123"
"2015-06-03",NA,NA,"L1001123"
"2015-06-04",0.562,0.184,"L1001123"
"2015-06-05",NA,NA,"L1001123"
"2015-06-06",NA,NA,"L1001123"
"2015-06-07",1.56,0.236,"L1001123"
"2015-06-08",NA,NA,"L1001123"
"2015-06-09",NA,NA,"L1001123"
"2015-06-10",1.4,0.0619,"L1001123"
"2015-06-11",NA,NA,"L1001123"
"2015-06-12",NA,NA,"L1001123"
"2015-06-13",1.19,0.434,"L1001123"
"2015-06-14",NA,NA,"L1001123"
"2015-06-15",NA,NA,"L1001123"
"2015-06-16",1.6,0.222,"L1001123"
"2015-06-17",NA,NA,"L1001123"
"2015-06-18",NA,NA,"L1001123"
"2015-06-19",NA,NA,"L1001123"
"2015-06-20",NA,NA,"L1001123"
"2015-06-21",NA,NA,"L1001123"
"2015-06-22",11.6,1.58,"L1001123"
"2015-06-23",NA,NA,"L1001123"
"2015-06-24",NA,NA,"L1001123"
"2015-06-25",2.38,0.992,"L1001123"
"2015-06-26",NA,NA,"L1001123"
"2015-06-27",NA,NA,"L1001123"
"2015-06-28",2.94,0.771,"L1001123"
"2015-06-29",NA,NA,"L1001123"
"2015-06-30",NA,NA,"L1001123"
"2015-07-01",6.72,0.711,"L1001123"
"2015-07-02",NA,NA,"L1001123"
"2015-07-03",NA,NA,"L1001123"
"2015-07-04",16.4,3.62,"L1001123"
"2015-07-05",NA,NA,"L1001123"
"2015-07-06",NA,NA,"L1001123"
"2015-07-07",NA,NA,"L1001123"
"2015-07-08",NA,NA,"L1001123"
"2015-07-09",NA,NA,"L1001123"
"2015-07-10",7.36,0.983,"L1001123"
"2015-07-11",NA,NA,"L1001123"
"2015-07-12",NA,NA,"L1001123"
"2015-07-13",3.7,1.16,"L1001123"
"2015-07-14",NA,NA,"L1001123"
"2015-07-15",NA,NA,"L1001123"
"2015-07-16",NA,NA,"L1001123"
"2015-07-17",NA,NA,"L1001123"
"2015-07-18",NA,NA,"L1001123"
"2015-07-19",3.02,0.388,"L1001123"
"2015-07-20",NA,NA,"L1001123"
"2015-07-21",NA,NA,"L1001123"
"2015-07-22",9.54,1.26,"L1001123"
"2015-07-23",NA,NA,"L1001123"
"2015-07-24",NA,NA,"L1001123"
"2015-07-25",NA,NA,"L1001123"
"2015-07-26",NA,NA,"L1001123"
"2015-07-27",NA,NA,"L1001123"
"2015-07-28",7.11,1.07,"L1001123"
"2015-07-29",NA,NA,"L1001123"
"2015-07-30",NA,NA,"L1001123"
"2015-07-31",NA,NA,"L1001123"
"2015-08-01",NA,NA,"L1001123"
"2015-08-02",NA,NA,"L1001123"
"2015-08-03",11.5,0.327,"L1001123"
"2015-08-04",NA,NA,"L1001123"
"2015-08-05",NA,NA,"L1001123"
"2015-08-06",NA,NA,"L1001123"
"2015-08-07",NA,NA,"L1001123"
"2015-08-08",NA,NA,"L1001123"
"2015-08-09",0.812,0.281,"L1001123"
"2015-08-10",NA,NA,"L1001123"
"2015-08-11",NA,NA,"L1001123"
"2015-08-12",0.351,0.136,"L1001123"
"2015-08-13",NA,NA,"L1001123"
"2015-08-14",NA,NA,"L1001123"
"2015-08-15",NA,NA,"L1001123"
"2015-08-16",NA,NA,"L1001123"
"2015-08-17",NA,NA,"L1001123"
"2015-08-18",NA,NA,"L1001123"
"2015-08-19",NA,NA,"L1001123"
"2015-08-20",NA,NA,"L1001123"
"2015-08-21",2.43,0.17,"L1001123"
"2015-08-22",NA,NA,"L1001123"
"2015-08-23",NA,NA,"L1001123"
"2015-08-24",1.83,0.344,"L1001123"
"2015-08-25",NA,NA,"L1001123"
"2015-08-26",NA,NA,"L1001123"
"2015-08-27",NA,NA,"L1001123"
"2015-08-28",NA,NA,"L1001123"
"2015-08-29",NA,NA,"L1001123"
"2015-08-30",2.65,0.718,"L1001123"
"2015-08-31",NA,NA,"L1001123"
"2015-09-01",NA,NA,"L1001123"
"2015-09-02",0.466,0.188,"L1001123"
"2015-09-03",NA,NA,"L1001123"
"2015-09-04",NA,NA,"L1001123"
"2015-09-05",NA,NA,"L1001123"
"2015-09-06",NA,NA,"L1001123"
"2015-09-07",NA,NA,"L1001123"
"2015-09-08",5.26,1.46,"L1001123"
"2015-09-09",NA,NA,"L1001123"
"2015-09-10",NA,NA,"L1001123"
"2015-09-11",NA,NA,"L1001123"
"2015-09-12",NA,NA,"L1001123"
"2015-09-13",NA,NA,"L1001123"
"2015-09-14",NA,NA,"L1001123"
"2015-09-15",NA,NA,"L1001123"
"2015-09-16",NA,NA,"L1001123"
"2015-09-17",1.26,0.517,"L1001123"
"2015-09-18",NA,NA,"L1001123"
"2015-09-19",NA,NA,"L1001123"
"2015-09-20",2.29,0.212,"L1001123"
"2015-09-21",NA,NA,"L1001123"
"2015-09-22",NA,NA,"L1001123"
"2015-09-23",NA,NA,"L1001123"
"2015-09-24",NA,NA,"L1001123"
"2015-09-25",NA,NA,"L1001123"
"2015-09-26",1.57,0.272,"L1001123"
"2015-09-27",NA,NA,"L1001123"
"2015-09-28",NA,NA,"L1001123"
"2015-09-29",NA,NA,"L1001123"
"2015-09-30",NA,NA,"L1001123"
"2015-10-01",NA,NA,"L1001123"
"2015-10-02",NA,NA,"L1001123"
"2015-10-03",NA,NA,"L1001123"
"2015-10-04",NA,NA,"L1001123"
"2015-10-05",1.02,0.179,"L1001123"
"2015-10-06",NA,NA,"L1001123"
"2015-10-07",NA,NA,"L1001123"
"2015-10-08",1.58,1.19,"L1001123"
"2015-10-09",NA,NA,"L1001123"
"2015-10-10",NA,NA,"L1001123"
"2015-10-11",NA,NA,"L1001123"
"2015-10-12",NA,NA,"L1001123"
"2015-10-13",NA,NA,"L1001123"
"2015-10-14",2.32,1.12,"L1001123"
"2015-10-15",NA,NA,"L1001123"
"2015-10-16",NA,NA,"L1001123"
"2015-10-17",2.41,0.738,"L1001123"
"2015-10-18",NA,NA,"L1001123"
"2015-10-19",NA,NA,"L1001123"
"2015-10-20",5.79,0.676,"L1001123"
"2015-10-21",NA,NA,"L1001123"
"2015-10-22",NA,NA,"L1001123"
"2015-10-23",NA,NA,"L1001123"
"2015-10-24",NA,NA,"L1001123"
"2015-10-25",NA,NA,"L1001123"
"2015-10-26",NA,NA,"L1001123"
"2015-10-27",NA,NA,"L1001123"
"2015-10-28",NA,NA,"L1001123"
"2015-10-29",0.784,0.0911,"L1001123"
"2015-10-30",NA,NA,"L1001123"
"2015-10-31",NA,NA,"L1001123"
"2015-11-01",4.45,3.27,"L1001123"
"2015-11-02",NA,NA,"L1001123"
"2015-11-03",NA,NA,"L1001123"
"2015-11-04",NA,NA,"L1001123"
"2015-11-05",NA,NA,"L1001123"
"2015-11-06",NA,NA,"L1001123"
"2015-11-07",NA,NA,"L1001123"
"2015-11-08",NA,NA,"L1001123"
"2015-11-09",NA,NA,"L1001123"
"2015-11-10",NA,NA,"L1001123"
"2015-11-11",NA,NA,"L1001123"
"2015-11-12",NA,NA,"L1001123"
"2015-11-13",1.75,0.589,"L1001123"
"2015-11-14",NA,NA,"L1001123"
"2015-11-15",NA,NA,"L1001123"
"2015-11-16",NA,NA,"L1001123"
"2015-11-17",NA,NA,"L1001123"
"2015-11-18",NA,NA,"L1001123"
"2015-11-19",1.47,0.223,"L1001123"
"2015-11-20",NA,NA,"L1001123"
"2015-11-21",NA,NA,"L1001123"
"2015-11-22",NA,NA,"L1001123"
"2015-11-23",NA,NA,"L1001123"
"2015-11-24",NA,NA,"L1001123"
"2015-11-25",1.92,0.977,"L1001123"
"2015-11-26",NA,NA,"L1001123"
"2015-11-27",NA,NA,"L1001123"
"2015-11-28",8.8,4.4,"L1001123"
"2015-11-29",NA,NA,"L1001123"
"2015-11-30",NA,NA,"L1001123"
"2015-12-01",NA,NA,"L1001123"
"2015-12-02",NA,NA,"L1001123"
"2015-12-03",NA,NA,"L1001123"
"2015-12-04",NA,NA,"L1001123"
"2015-12-05",NA,NA,"L1001123"
"2015-12-06",NA,NA,"L1001123"
"2015-12-07",2.43,2.48,"L1001123"
"2015-12-08",NA,NA,"L1001123"
"2015-12-09",NA,NA,"L1001123"
"2015-12-10",1.65,2.56,"L1001123"
"2015-12-11",NA,NA,"L1001123"
"2015-12-12",NA,NA,"L1001123"
"2015-12-13",2.26,1.81,"L1001123"
"2015-12-14",NA,NA,"L1001123"
"2015-12-15",NA,NA,"L1001123"
"2015-12-16",1.73,0.949,"L1001123"
"2015-12-17",NA,NA,"L1001123"
"2015-12-18",NA,NA,"L1001123"
"2015-12-19",1.32,0.347,"L1001123"
"2015-12-20",NA,NA,"L1001123"
"2015-12-21",NA,NA,"L1001123"
"2015-12-22",NA,NA,"L1001123"
"2015-12-23",NA,NA,"L1001123"
"2015-12-24",NA,NA,"L1001123"
"2015-12-25",NA,NA,"L1001123"
"2015-12-26",NA,NA,"L1001123"
"2015-12-27",NA,NA,"L1001123"
"2015-12-28",2.73,2.97,"L1001123"
"2015-12-29",NA,NA,"L1001123"
"2015-12-30",NA,NA,"L1001123"
"2015-12-31",1.57,0.734,"L1001123"
"2016-01-01",NA,NA,"L1001123"
"2016-01-02",NA,NA,"L1001123"
"2016-01-03",NA,NA,"L1001123"
"2016-01-04",NA,NA,"L1001123"
"2016-01-05",NA,NA,"L1001123"
"2016-01-06",2.03,0.343,"L1001123"
"2016-01-07",NA,NA,"L1001123"
"2016-01-08",NA,NA,"L1001123"
"2016-01-09",1.58,1.55,"L1001123"
"2016-01-10",NA,NA,"L1001123"
"2016-01-11",NA,NA,"L1001123"
"2016-01-12",3.01,3.37,"L1001123"
"2016-01-13",NA,NA,"L1001123"
"2016-01-14",NA,NA,"L1001123"
"2016-01-15",NA,NA,"L1001123"
"2016-01-16",NA,NA,"L1001123"
"2016-01-17",NA,NA,"L1001123"
"2016-01-18",1.99,1.37,"L1001123"
"2016-01-19",NA,NA,"L1001123"
"2016-01-20",NA,NA,"L1001123"
"2016-01-21",0.959,0.245,"L1001123"
"2016-01-22",NA,NA,"L1001123"
"2016-01-23",NA,NA,"L1001123"
"2016-01-24",3.84,2.29,"L1001123"
"2016-01-25",NA,NA,"L1001123"
"2016-01-26",NA,NA,"L1001123"
"2016-01-27",2.56,3.21,"L1001123"
"2016-01-28",NA,NA,"L1001123"
"2016-01-29",NA,NA,"L1001123"
"2016-01-30",3.34,4.1,"L1001123"
"2016-01-31",NA,NA,"L1001123"
"2016-02-01",NA,NA,"L1001123"
"2016-02-02",NA,NA,"L1001123"
"2016-02-03",NA,NA,"L1001123"
"2016-02-04",NA,NA,"L1001123"
"2016-02-05",1.26,1.09,"L1001123"
"2016-02-06",NA,NA,"L1001123"
"2016-02-07",NA,NA,"L1001123"
"2016-02-08",1.77,1.74,"L1001123"
"2016-02-09",NA,NA,"L1001123"
"2016-02-10",NA,NA,"L1001123"
"2016-02-11",2.8,2.84,"L1001123"
"2016-02-12",NA,NA,"L1001123"
"2016-02-13",NA,NA,"L1001123"
"2016-02-14",1.29,1.57,"L1001123"
"2016-02-15",NA,NA,"L1001123"
"2016-02-16",NA,NA,"L1001123"
"2016-02-17",2.31,3.09,"L1001123"
"2016-02-18",NA,NA,"L1001123"
"2016-02-19",NA,NA,"L1001123"
"2016-02-20",NA,NA,"L1001123"
"2016-02-21",NA,NA,"L1001123"
"2016-02-22",NA,NA,"L1001123"
"2016-02-23",1.17,0.912,"L1001123"
"2016-02-24",NA,NA,"L1001123"
"2016-02-25",NA,NA,"L1001123"
"2016-02-26",NA,NA,"L1001123"
"2016-02-27",NA,NA,"L1001123"
"2016-02-28",NA,NA,"L1001123"
"2016-03-01",1.93,2.23,"L1001123"
"2016-03-02",NA,NA,"L1001123"
"2016-03-03",NA,NA,"L1001123"
"2016-03-04",2.07,0.36,"L1001123"
"2016-03-05",NA,NA,"L1001123"
"2016-03-06",NA,NA,"L1001123"
"2016-03-07",1.99,1.58,"L1001123"
"2016-03-08",NA,NA,"L1001123"
"2016-03-09",NA,NA,"L1001123"
"2016-03-10",3.72,2.21,"L1001123"
"2016-03-11",NA,NA,"L1001123"
"2016-03-12",NA,NA,"L1001123"
"2016-03-13",4.72,3.97,"L1001123"
"2016-03-14",NA,NA,"L1001123"
"2016-03-15",NA,NA,"L1001123"
"2016-03-16",NA,NA,"L1001123"
"2016-03-17",NA,NA,"L1001123"
"2016-03-18",NA,NA,"L1001123"
"2016-03-19",2.18,1.33,"L1001123"
"2016-03-20",NA,NA,"L1001123"
"2016-03-21",NA,NA,"L1001123"
"2016-03-22",4.53,2.09,"L1001123"
"2016-03-23",NA,NA,"L1001123"
"2016-03-24",NA,NA,"L1001123"
"2016-03-25",2.73,1.05,"L1001123"
"2016-03-26",NA,NA,"L1001123"
"2016-03-27",NA,NA,"L1001123"
"2016-03-28",1.2,0.281,"L1001123"
"2016-03-29",NA,NA,"L1001123"
"2016-03-30",NA,NA,"L1001123"
"2016-03-31",1.09,0.48,"L1001123"
"2016-04-01",NA,NA,"L1001123"
"2016-04-02",NA,NA,"L1001123"
"2016-04-03",3.36,1.51,"L1001123"
"2016-04-04",NA,NA,"L1001123"
"2016-04-05",NA,NA,"L1001123"
"2016-04-06",1.54,0.296,"L1001123"
"2016-04-07",NA,NA,"L1001123"
"2016-04-08",NA,NA,"L1001123"
"2016-04-09",NA,NA,"L1001123"
"2016-04-10",NA,NA,"L1001123"
"2016-04-11",NA,NA,"L1001123"
"2016-04-12",1.89,0.634,"L1001123"
"2016-04-13",NA,NA,"L1001123"
"2016-04-14",NA,NA,"L1001123"
"2016-04-15",1.84,0.436,"L1001123"
"2016-04-16",NA,NA,"L1001123"
"2016-04-17",NA,NA,"L1001123"
"2016-04-18",0.571,0.162,"L1001123"
"2016-04-19",NA,NA,"L1001123"
"2016-04-20",NA,NA,"L1001123"
"2016-04-21",1.73,1.14,"L1001123"
"2016-04-22",NA,NA,"L1001123"
"2016-04-23",NA,NA,"L1001123"
"2016-04-24",2.63,0.493,"L1001123"
"2016-04-25",NA,NA,"L1001123"
"2016-04-26",NA,NA,"L1001123"
"2016-04-27",NA,NA,"L1001123"
"2016-04-28",NA,NA,"L1001123"
"2016-04-29",NA,NA,"L1001123"
"2016-04-30",1.62,0.437,"L1001123"
"2016-05-01",NA,NA,"L1001123"
"2016-05-02",NA,NA,"L1001123"
"2016-05-03",0.898,0.228,"L1001123"
"2016-05-04",NA,NA,"L1001123"
"2016-05-05",NA,NA,"L1001123"
"2016-05-06",0.898,0.196,"L1001123"
"2016-05-07",NA,NA,"L1001123"
"2016-05-08",NA,NA,"L1001123"
"2016-05-09",1.7,1.77,"L1001123"
"2016-05-10",NA,NA,"L1001123"
"2016-05-11",NA,NA,"L1001123"
"2016-05-12",1.88,0.818,"L1001123"
"2016-05-13",NA,NA,"L1001123"
"2016-05-14",NA,NA,"L1001123"
"2016-05-15",NA,NA,"L1001123"
"2016-05-16",NA,NA,"L1001123"
"2016-05-17",NA,NA,"L1001123"
"2016-05-18",0.822,0.253,"L1001123"
"2016-05-19",NA,NA,"L1001123"
"2016-05-20",NA,NA,"L1001123"
"2016-05-21",NA,NA,"L1001123"
"2016-05-22",NA,NA,"L1001123"
"2016-05-23",NA,NA,"L1001123"
"2016-05-24",7.28,1.54,"L1001123"
"2016-05-25",NA,NA,"L1001123"
"2016-05-26",NA,NA,"L1001123"
"2016-05-27",3.49,0.803,"L1001123"
"2016-05-28",NA,NA,"L1001123"
"2016-05-29",NA,NA,"L1001123"
"2016-05-30",2.23,0.656,"L1001123"
"2016-05-31",NA,NA,"L1001123"
"2016-06-01",NA,NA,"L1001123"
"2016-06-02",9.64,3.9,"L1001123"
"2016-06-03",NA,NA,"L1001123"
"2016-06-04",NA,NA,"L1001123"
"2016-06-05",5.96,2.21,"L1001123"
"2016-06-06",NA,NA,"L1001123"
"2016-06-07",NA,NA,"L1001123"
"2016-06-08",NA,NA,"L1001123"
"2016-06-09",NA,NA,"L1001123"
"2016-06-10",NA,NA,"L1001123"
"2016-06-11",NA,NA,"L1001123"
"2016-06-12",NA,NA,"L1001123"
"2016-06-13",NA,NA,"L1001123"
"2016-06-14",NA,NA,"L1001123"
"2016-06-15",NA,NA,"L1001123"
"2016-06-16",NA,NA,"L1001123"
"2016-06-17",5.05,1.71,"L1001123"
"2016-06-18",NA,NA,"L1001123"
"2016-06-19",NA,NA,"L1001123"
"2016-06-20",4.05,1.26,"L1001123"
"2016-06-21",NA,NA,"L1001123"
"2016-06-22",NA,NA,"L1001123"
"2016-06-23",0.416,0.117,"L1001123"
"2016-06-24",NA,NA,"L1001123"
"2016-06-25",NA,NA,"L1001123"
"2016-06-26",15.5,2.26,"L1001123"
"2016-06-27",NA,NA,"L1001123"
"2016-06-28",NA,NA,"L1001123"
"2016-06-29",1.13,0.525,"L1001123"
"2016-06-30",NA,NA,"L1001123"
"2016-07-01",NA,NA,"L1001123"
"2016-07-02",NA,NA,"L1001123"
"2016-07-03",NA,NA,"L1001123"
"2016-07-04",NA,NA,"L1001123"
"2016-07-05",5.85,1.94,"L1001123"
"2016-07-06",NA,NA,"L1001123"
"2016-07-07",NA,NA,"L1001123"
"2016-07-08",10.2,1.17,"L1001123"
"2016-07-09",NA,NA,"L1001123"
"2016-07-10",NA,NA,"L1001123"
"2016-07-11",4.9,0.572,"L1001123"
"2016-07-12",NA,NA,"L1001123"
"2016-07-13",NA,NA,"L1001123"
"2016-07-14",7.78,0.724,"L1001123"
"2016-07-15",NA,NA,"L1001123"
"2016-07-16",NA,NA,"L1001123"
"2016-07-17",4.28,0.821,"L1001123"
"2016-07-18",NA,NA,"L1001123"
"2016-07-19",NA,NA,"L1001123"
"2016-07-20",NA,NA,"L1001123"
"2016-07-21",NA,NA,"L1001123"
"2016-07-22",NA,NA,"L1001123"
"2016-07-23",NA,NA,"L1001123"
"2016-07-24",NA,NA,"L1001123"
"2016-07-25",NA,NA,"L1001123"
"2016-07-26",5.51,0.964,"L1001123"
"2016-07-27",NA,NA,"L1001123"
"2016-07-28",NA,NA,"L1001123"
"2016-07-29",NA,NA,"L1001123"
"2016-07-30",NA,NA,"L1001123"
"2016-07-31",NA,NA,"L1001123"
"2016-08-01",1.77,0.38,"L1001123"
"2016-08-02",NA,NA,"L1001123"
"2016-08-03",NA,NA,"L1001123"
"2016-08-04",10.1,0.729,"L1001123"
"2016-08-05",NA,NA,"L1001123"
"2016-08-06",NA,NA,"L1001123"
"2016-08-07",12.6,2.07,"L1001123"
"2016-08-08",NA,NA,"L1001123"
"2016-08-09",NA,NA,"L1001123"
"2016-08-10",NA,NA,"L1001123"
"2016-08-11",NA,NA,"L1001123"
"2016-08-12",NA,NA,"L1001123"
"2016-08-13",NA,NA,"L1001123"
"2016-08-14",NA,NA,"L1001123"
"2016-08-15",NA,NA,"L1001123"
"2016-08-16",8.74,1.48,"L1001123"
"2016-08-17",NA,NA,"L1001123"
"2016-08-18",NA,NA,"L1001123"
"2016-08-19",1.21,0.317,"L1001123"
"2016-08-20",NA,NA,"L1001123"
"2016-08-21",NA,NA,"L1001123"
"2016-08-22",0.502,0.309,"L1001123"
"2016-08-23",NA,NA,"L1001123"
"2016-08-24",NA,NA,"L1001123"
"2016-08-25",13.6,2.17,"L1001123"
"2016-08-26",NA,NA,"L1001123"
"2016-08-27",NA,NA,"L1001123"
"2016-08-28",2.26,0.502,"L1001123"
"2016-08-29",NA,NA,"L1001123"
"2016-08-30",NA,NA,"L1001123"
"2016-08-31",NA,NA,"L1001123"
"2016-09-01",NA,NA,"L1001123"
"2016-09-02",NA,NA,"L1001123"
"2016-09-03",5.6,0.915,"L1001123"
"2016-09-04",NA,NA,"L1001123"
"2016-09-05",NA,NA,"L1001123"
"2016-09-06",1.79,0.444,"L1001123"
"2016-09-07",NA,NA,"L1001123"
"2016-09-08",NA,NA,"L1001123"
"2016-09-09",1.86,0.645,"L1001123"
"2016-09-10",NA,NA,"L1001123"
"2016-09-11",NA,NA,"L1001123"
"2016-09-12",1.32,0.105,"L1001123"
"2016-09-13",NA,NA,"L1001123"
"2016-09-14",NA,NA,"L1001123"
"2016-09-15",NA,NA,"L1001123"
"2016-09-16",NA,NA,"L1001123"
"2016-09-17",NA,NA,"L1001123"
"2016-09-18",1.12,0.533,"L1001123"
"2016-09-19",NA,NA,"L1001123"
"2016-09-20",NA,NA,"L1001123"
"2016-09-21",8.52,3.09,"L1001123"
"2016-09-22",NA,NA,"L1001123"
"2016-09-23",NA,NA,"L1001123"
"2016-09-24",NA,NA,"L1001123"
"2016-09-25",NA,NA,"L1001123"
"2016-09-26",NA,NA,"L1001123"
"2016-09-27",6.73,1.06,"L1001123"
"2016-09-28",NA,NA,"L1001123"
"2016-09-29",NA,NA,"L1001123"
"2016-09-30",1.12,0.322,"L1001123"
"2016-10-01",NA,NA,"L1001123"
"2016-10-02",NA,NA,"L1001123"
"2016-10-03",1.74,0.942,"L1001123"
"2016-10-04",NA,NA,"L1001123"
"2016-10-05",NA,NA,"L1001123"
"2016-10-06",12.1,8.12,"L1001123"
"2016-10-07",NA,NA,"L1001123"
"2016-10-08",NA,NA,"L1001123"
"2016-10-09",NA,NA,"L1001123"
"2016-10-10",NA,NA,"L1001123"
"2016-10-11",NA,NA,"L1001123"
"2016-10-12",NA,NA,"L1001123"
"2016-10-13",NA,NA,"L1001123"
"2016-10-14",NA,NA,"L1001123"
"2016-10-15",1.41,0.299,"L1001123"
"2016-10-16",NA,NA,"L1001123"
"2016-10-17",NA,NA,"L1001123"
"2016-10-18",7.81,4.51,"L1001123"
"2016-10-19",NA,NA,"L1001123"
"2016-10-20",NA,NA,"L1001123"
"2016-10-21",4.33,0.717,"L1001123"
"2016-10-22",NA,NA,"L1001123"
"2016-10-23",NA,NA,"L1001123"
"2016-10-24",0.466,0.239,"L1001123"
"2016-10-25",NA,NA,"L1001123"
"2016-10-26",NA,NA,"L1001123"
"2016-10-27",2.24,0.562,"L1001123"
"2016-10-28",NA,NA,"L1001123"
"2016-10-29",NA,NA,"L1001123"
"2016-10-30",2.67,1.81,"L1001123"
"2016-10-31",NA,NA,"L1001123"
"2016-11-01",NA,NA,"L1001123"
"2016-11-02",0.955,0.327,"L1001123"
"2016-11-03",NA,NA,"L1001123"
"2016-11-04",NA,NA,"L1001123"
"2016-11-05",NA,NA,"L1001123"
"2016-11-06",NA,NA,"L1001123"
"2016-11-07",NA,NA,"L1001123"
"2016-11-08",1.72,1.29,"L1001123"
"2016-11-09",NA,NA,"L1001123"
"2016-11-10",NA,NA,"L1001123"
"2016-11-11",2.23,0.767,"L1001123"
"2016-11-12",NA,NA,"L1001123"
"2016-11-13",NA,NA,"L1001123"
"2016-11-14",4.9,2.67,"L1001123"
"2016-11-15",NA,NA,"L1001123"
"2016-11-16",NA,NA,"L1001123"
"2016-11-17",1.46,0.678,"L1001123"
"2016-11-18",NA,NA,"L1001123"
"2016-11-19",NA,NA,"L1001123"
"2016-11-20",2.54,2.02,"L1001123"
"2016-11-21",NA,NA,"L1001123"
"2016-11-22",NA,NA,"L1001123"
"2016-11-23",NA,NA,"L1001123"
"2016-11-24",NA,NA,"L1001123"
"2016-11-25",NA,NA,"L1001123"
"2016-11-26",3.11,2.95,"L1001123"
"2016-11-27",NA,NA,"L1001123"
"2016-11-28",NA,NA,"L1001123"
"2016-11-29",1.87,1.81,"L1001123"
"2016-11-30",NA,NA,"L1001123"
"2016-12-01",NA,NA,"L1001123"
"2016-12-02",1.27,1.68,"L1001123"
"2016-12-03",NA,NA,"L1001123"
"2016-12-04",NA,NA,"L1001123"
"2016-12-05",1.13,1.19,"L1001123"
"2016-12-06",NA,NA,"L1001123"
"2016-12-07",NA,NA,"L1001123"
"2016-12-08",5.56,6.59,"L1001123"
"2016-12-09",NA,NA,"L1001123"
"2016-12-10",NA,NA,"L1001123"
"2016-12-11",3.02,2.86,"L1001123"
"2016-12-12",NA,NA,"L1001123"
"2016-12-13",NA,NA,"L1001123"
"2016-12-14",3.42,2.92,"L1001123"
"2016-12-15",NA,NA,"L1001123"
"2016-12-16",NA,NA,"L1001123"
"2016-12-17",NA,NA,"L1001123"
"2016-12-18",NA,NA,"L1001123"
"2016-12-19",NA,NA,"L1001123"
"2016-12-20",4.1,4.7,"L1001123"
"2016-12-21",NA,NA,"L1001123"
"2016-12-22",NA,NA,"L1001123"
"2016-12-23",NA,NA,"L1001123"
"2016-12-24",NA,NA,"L1001123"
"2016-12-25",NA,NA,"L1001123"
"2016-12-26",4.45,2.17,"L1001123"
"2016-12-27",NA,NA,"L1001123"
"2016-12-28",NA,NA,"L1001123"
"2016-12-29",3.47,1.08,"L1001123"
"2016-12-30",NA,NA,"L1001123"
"2016-12-31",NA,NA,"L1001123"
"2017-01-01",5.52,2.03,"L1001123"
"2017-01-02",NA,NA,"L1001123"
"2017-01-03",NA,NA,"L1001123"
"2017-01-04",NA,NA,"L1001123"
"2017-01-05",NA,NA,"L1001123"
"2017-01-06",NA,NA,"L1001123"
"2017-01-07",NA,NA,"L1001123"
"2017-01-08",NA,NA,"L1001123"
"2017-01-09",NA,NA,"L1001123"
"2017-01-10",1.76,2,"L1001123"
"2017-01-11",NA,NA,"L1001123"
"2017-01-12",NA,NA,"L1001123"
"2017-01-13",2.62,1.04,"L1001123"
"2017-01-14",NA,NA,"L1001123"
"2017-01-15",NA,NA,"L1001123"
"2017-01-16",0.616,0.623,"L1001123"
"2017-01-17",NA,NA,"L1001123"
"2017-01-18",NA,NA,"L1001123"
"2017-01-19",NA,NA,"L1001123"
"2017-01-20",NA,NA,"L1001123"
"2017-01-21",NA,NA,"L1001123"
"2017-01-22",2.4,2.9,"L1001123"
"2017-01-23",NA,NA,"L1001123"
"2017-01-24",NA,NA,"L1001123"
"2017-01-25",1.69,1.57,"L1001123"
"2017-01-26",NA,NA,"L1001123"
"2017-01-27",NA,NA,"L1001123"
"2017-01-28",NA,NA,"L1001123"
"2017-01-29",NA,NA,"L1001123"
"2017-01-30",NA,NA,"L1001123"
"2017-01-31",1.95,1.87,"L1001123"
"2017-02-01",NA,NA,"L1001123"
"2017-02-02",NA,NA,"L1001123"
"2017-02-03",8.48,3.4,"L1001123"
"2017-02-04",NA,NA,"L1001123"
"2017-02-05",NA,NA,"L1001123"
"2017-02-06",3.85,2.31,"L1001123"
"2017-02-07",NA,NA,"L1001123"
"2017-02-08",NA,NA,"L1001123"
"2017-02-09",5.54,1.85,"L1001123"
"2017-02-10",NA,NA,"L1001123"
"2017-02-11",NA,NA,"L1001123"
"2017-02-12",2.1,1.83,"L1001123"
"2017-02-13",NA,NA,"L1001123"
"2017-02-14",NA,NA,"L1001123"
"2017-02-15",NA,NA,"L1001123"
"2017-02-16",NA,NA,"L1001123"
"2017-02-17",NA,NA,"L1001123"
"2017-02-18",2.32,0.689,"L1001123"
"2017-02-19",NA,NA,"L1001123"
"2017-02-20",NA,NA,"L1001123"
"2017-02-21",1.78,1.42,"L1001123"
"2017-02-22",NA,NA,"L1001123"
"2017-02-23",NA,NA,"L1001123"
"2017-02-24",3.97,3.32,"L1001123"
"2017-02-25",NA,NA,"L1001123"
"2017-02-26",NA,NA,"L1001123"
"2017-02-27",2.94,1.57,"L1001123"
"2017-02-28",NA,NA,"L1001123"
"2017-02-29",NA,NA,"L1001123"
"2017-03-01",3.07,1.29,"L1001123"
"2017-03-02",NA,NA,"L1001123"
"2017-03-03",NA,NA,"L1001123"
"2017-03-04",2.23,2.25,"L1001123"
"2017-03-05",NA,NA,"L1001123"
"2017-03-06",NA,NA,"L1001123"
"2017-03-07",2.95,2.19,"L1001123"
"2017-03-08",NA,NA,"L1001123"
"2017-03-09",NA,NA,"L1001123"
"2017-03-10",NA,NA,"L1001123"
"2017-03-11",NA,NA,"L1001123"
"2017-03-12",NA,NA,"L1001123"
"2017-03-13",1.7,0.679,"L1001123"
"2017-03-14",NA,NA,"L1001123"
"2017-03-15",NA,NA,"L1001123"
"2017-03-16",3.42,0.525,"L1001123"
"2017-03-17",NA,NA,"L1001123"
"2017-03-18",NA,NA,"L1001123"
"2017-03-19",NA,NA,"L1001123"
"2017-03-20",NA,NA,"L1001123"
"2017-03-21",NA,NA,"L1001123"
"2017-03-22",0.837,0.248,"L1001123"
"2017-03-23",NA,NA,"L1001123"
"2017-03-24",NA,NA,"L1001123"
"2017-03-25",NA,NA,"L1001123"
"2017-03-26",NA,NA,"L1001123"
"2017-03-27",NA,NA,"L1001123"
"2017-03-28",2.66,3.94,"L1001123"
"2017-03-29",NA,NA,"L1001123"
"2017-03-30",NA,NA,"L1001123"
"2017-03-31",NA,NA,"L1001123"
"2017-04-01",NA,NA,"L1001123"
"2017-04-02",NA,NA,"L1001123"
"2017-04-03",2.19,0.609,"L1001123"
"2017-04-04",NA,NA,"L1001123"
"2017-04-05",NA,NA,"L1001123"
"2017-04-06",NA,NA,"L1001123"
"2017-04-07",NA,NA,"L1001123"
"2017-04-08",NA,NA,"L1001123"
"2017-04-09",2.25,0.986,"L1001123"
"2017-04-10",NA,NA,"L1001123"
"2017-04-11",NA,NA,"L1001123"
"2017-04-12",3.54,2.19,"L1001123"
"2017-04-13",NA,NA,"L1001123"
"2017-04-14",NA,NA,"L1001123"
"2017-04-15",1.78,0.581,"L1001123"
"2017-04-16",NA,NA,"L1001123"
"2017-04-17",NA,NA,"L1001123"
"2017-04-18",NA,NA,"L1001123"
"2017-04-19",NA,NA,"L1001123"
"2017-04-20",NA,NA,"L1001123"
"2017-04-21",NA,NA,"L1001123"
"2017-04-22",NA,NA,"L1001123"
"2017-04-23",NA,NA,"L1001123"
"2017-04-24",3.44,0.691,"L1001123"
"2017-04-25",NA,NA,"L1001123"
"2017-04-26",NA,NA,"L1001123"
"2017-04-27",2.06,0.464,"L1001123"
"2017-04-28",NA,NA,"L1001123"
"2017-04-29",NA,NA,"L1001123"
"2017-04-30",2.56,0.812,"L1001123"
"2017-05-01",NA,NA,"L1001123"
"2017-05-02",NA,NA,"L1001123"
"2017-05-03",4.5,0.867,"L1001123"
"2017-05-04",NA,NA,"L1001123"
"2017-05-05",NA,NA,"L1001123"
"2017-05-06",2.72,1.55,"L1001123"
"2017-05-07",NA,NA,"L1001123"
"2017-05-08",NA,NA,"L1001123"
"2017-05-09",NA,NA,"L1001123"
"2017-05-10",NA,NA,"L1001123"
"2017-05-11",NA,NA,"L1001123"
"2017-05-12",NA,NA,"L1001123"
"2017-05-13",NA,NA,"L1001123"
"2017-05-14",NA,NA,"L1001123"
"2017-05-15",2.12,1.33,"L1001123"
"2017-05-16",NA,NA,"L1001123"
"2017-05-17",NA,NA,"L1001123"
"2017-05-18",3.59,1.63,"L1001123"
"2017-05-19",NA,NA,"L1001123"
"2017-05-20",NA,NA,"L1001123"
"2017-05-21",3.91,2.29,"L1001123"
"2017-05-22",NA,NA,"L1001123"
"2017-05-23",NA,NA,"L1001123"
"2017-05-24",NA,NA,"L1001123"
"2017-05-25",NA,NA,"L1001123"
"2017-05-26",NA,NA,"L1001123"
"2017-05-27",NA,NA,"L1001123"
"2017-05-28",NA,NA,"L1001123"
"2017-05-29",NA,NA,"L1001123"
"2017-05-30",2.74,0.715,"L1001123"
"2017-05-31",NA,NA,"L1001123"
"2017-06-01",NA,NA,"L1001123"
"2017-06-02",NA,NA,"L1001123"
"2017-06-03",NA,NA,"L1001123"
"2017-06-04",NA,NA,"L1001123"
"2017-06-05",1.67,0.219,"L1001123"
"2017-06-06",NA,NA,"L1001123"
"2017-06-07",NA,NA,"L1001123"
"2017-06-08",6.49,1.67,"L1001123"
"2017-06-09",NA,NA,"L1001123"
"2017-06-10",NA,NA,"L1001123"
"2017-06-11",2.76,0.229,"L1001123"
"2017-06-12",NA,NA,"L1001123"
"2017-06-13",NA,NA,"L1001123"
"2017-06-14",6,1.6,"L1001123"
"2017-06-15",NA,NA,"L1001123"
"2017-06-16",NA,NA,"L1001123"
"2017-06-17",2.35,0.893,"L1001123"
"2017-06-18",NA,NA,"L1001123"
"2017-06-19",NA,NA,"L1001123"
"2017-06-20",NA,NA,"L1001123"
"2017-06-21",NA,NA,"L1001123"
"2017-06-22",NA,NA,"L1001123"
"2017-06-23",7.01,1.1,"L1001123"
"2017-06-24",NA,NA,"L1001123"
"2017-06-25",NA,NA,"L1001123"
"2017-06-26",9.18,3.11,"L1001123"
"2017-06-27",NA,NA,"L1001123"
"2017-06-28",NA,NA,"L1001123"
"2017-06-29",7.37,2.05,"L1001123"
"2017-06-30",NA,NA,"L1001123"
"2017-07-01",NA,NA,"L1001123"
"2017-07-02",4.17,1.91,"L1001123"
"2017-07-03",NA,NA,"L1001123"
"2017-07-04",NA,NA,"L1001123"
"2017-07-05",5.5,1.06,"L1001123"
"2017-07-06",NA,NA,"L1001123"
"2017-07-07",NA,NA,"L1001123"
"2017-07-08",NA,NA,"L1001123"
"2017-07-09",NA,NA,"L1001123"
"2017-07-10",NA,NA,"L1001123"
"2017-07-11",1.19,0.354,"L1001123"
"2017-07-12",NA,NA,"L1001123"
"2017-07-13",NA,NA,"L1001123"
"2017-07-14",NA,NA,"L1001123"
"2017-07-15",NA,NA,"L1001123"
"2017-07-16",NA,NA,"L1001123"
"2017-07-17",6.35,1.46,"L1001123"
"2017-07-18",NA,NA,"L1001123"
"2017-07-19",NA,NA,"L1001123"
"2017-07-20",3.33,0.927,"L1001123"
"2017-07-21",NA,NA,"L1001123"
"2017-07-22",NA,NA,"L1001123"
"2017-07-23",6,0.483,"L1001123"
"2017-07-24",NA,NA,"L1001123"
"2017-07-25",NA,NA,"L1001123"
"2017-07-26",7.22,1.19,"L1001123"
"2017-07-27",NA,NA,"L1001123"
"2017-07-28",NA,NA,"L1001123"
"2017-07-29",3.94,0.558,"L1001123"
"2017-07-30",NA,NA,"L1001123"
"2017-07-31",NA,NA,"L1001123"
"2017-08-01",2.44,0.484,"L1001123"
"2017-08-02",NA,NA,"L1001123"
"2017-08-03",NA,NA,"L1001123"
"2017-08-04",NA,NA,"L1001123"
"2017-08-05",NA,NA,"L1001123"
"2017-08-06",NA,NA,"L1001123"
"2017-08-07",3.14,0.661,"L1001123"
"2017-08-08",NA,NA,"L1001123"
"2017-08-09",NA,NA,"L1001123"
"2017-08-10",3.22,0.678,"L1001123"
"2017-08-11",NA,NA,"L1001123"
"2017-08-12",NA,NA,"L1001123"
"2017-08-13",2.67,0.442,"L1001123"
"2017-08-14",NA,NA,"L1001123"
"2017-08-15",NA,NA,"L1001123"
"2017-08-16",NA,NA,"L1001123"
"2017-08-17",NA,NA,"L1001123"
"2017-08-18",NA,NA,"L1001123"
"2017-08-19",5.36,0.603,"L1001123"
"2017-08-20",NA,NA,"L1001123"
"2017-08-21",NA,NA,"L1001123"
"2017-08-22",NA,NA,"L1001123"
"2017-08-23",NA,NA,"L1001123"
"2017-08-24",NA,NA,"L1001123"
"2017-08-25",NA,NA,"L1001123"
"2017-08-26",NA,NA,"L1001123"
"2017-08-27",NA,NA,"L1001123"
"2017-08-28",0.86,0.44,"L1001123"
"2017-08-29",NA,NA,"L1001123"
"2017-08-30",NA,NA,"L1001123"
"2017-08-31",2.85,0.419,"L1001123"
"2017-09-01",NA,NA,"L1001123"
"2017-09-02",NA,NA,"L1001123"
"2017-09-03",1.37,0.567,"L1001123"
"2017-09-04",NA,NA,"L1001123"
"2017-09-05",NA,NA,"L1001123"
"2017-09-06",1.24,0.288,"L1001123"
"2017-09-07",NA,NA,"L1001123"
"2017-09-08",NA,NA,"L1001123"
"2017-09-09",3.67,0.759,"L1001123"
"2017-09-10",NA,NA,"L1001123"
"2017-09-11",NA,NA,"L1001123"
"2017-09-12",1.7,0.253,"L1001123"
"2017-09-13",NA,NA,"L1001123"
"2017-09-14",NA,NA,"L1001123"
"2017-09-15",NA,NA,"L1001123"
"2017-09-16",NA,NA,"L1001123"
"2017-09-17",NA,NA,"L1001123"
"2017-09-18",1.27,0.384,"L1001123"
"2017-09-19",NA,NA,"L1001123"
"2017-09-20",NA,NA,"L1001123"
"2017-09-21",3.36,1.24,"L1001123"
"2017-09-22",NA,NA,"L1001123"
"2017-09-23",NA,NA,"L1001123"
"2017-09-24",1.32,0.46,"L1001123"
"2017-09-25",NA,NA,"L1001123"
"2017-09-26",NA,NA,"L1001123"
"2017-09-27",NA,NA,"L1001123"
"2017-09-28",NA,NA,"L1001123"
"2017-09-29",NA,NA,"L1001123"
"2017-09-30",1.13,0.355,"L1001123"
"2017-10-01",NA,NA,"L1001123"
"2017-10-02",NA,NA,"L1001123"
"2017-10-03",NA,NA,"L1001123"
"2017-10-04",NA,NA,"L1001123"
"2017-10-05",NA,NA,"L1001123"
"2017-10-06",NA,NA,"L1001123"
"2017-10-07",NA,NA,"L1001123"
"2017-10-08",NA,NA,"L1001123"
"2017-10-09",6.05,2.52,"L1001123"
"2017-10-10",NA,NA,"L1001123"
"2017-10-11",NA,NA,"L1001123"
"2017-10-12",1.18,0.577,"L1001123"
"2017-10-13",NA,NA,"L1001123"
"2017-10-14",NA,NA,"L1001123"
"2017-10-15",2.25,0.819,"L1001123"
"2017-10-16",NA,NA,"L1001123"
"2017-10-17",NA,NA,"L1001123"
"2017-10-18",0.652,0.353,"L1001123"
"2017-10-19",NA,NA,"L1001123"
"2017-10-20",NA,NA,"L1001123"
"2017-10-21",2.11,1.3,"L1001123"
"2017-10-22",NA,NA,"L1001123"
"2017-10-23",NA,NA,"L1001123"
"2017-10-24",1.79,1.91,"L1001123"
"2017-10-25",NA,NA,"L1001123"
"2017-10-26",NA,NA,"L1001123"
"2017-10-27",NA,NA,"L1001123"
"2017-10-28",NA,NA,"L1001123"
"2017-10-29",NA,NA,"L1001123"
"2017-10-30",0.897,0.379,"L1001123"
"2017-10-31",NA,NA,"L1001123"
"2017-11-01",NA,NA,"L1001123"
"2017-11-02",0.914,0.587,"L1001123"
"2017-11-03",NA,NA,"L1001123"
"2017-11-04",NA,NA,"L1001123"
"2017-11-05",2.34,1.09,"L1001123"
"2017-11-06",NA,NA,"L1001123"
"2017-11-07",NA,NA,"L1001123"
"2017-11-08",3.09,1.7,"L1001123"
"2017-11-09",NA,NA,"L1001123"
"2017-11-10",NA,NA,"L1001123"
"2017-11-11",NA,NA,"L1001123"
"2017-11-12",NA,NA,"L1001123"
"2017-11-13",NA,NA,"L1001123"
"2017-11-14",NA,NA,"L1001123"
"2017-11-15",NA,NA,"L1001123"
"2017-11-16",NA,NA,"L1001123"
"2017-11-17",1.61,0.581,"L1001123"
"2017-11-18",NA,NA,"L1001123"
"2017-11-19",NA,NA,"L1001123"
"2017-11-20",NA,NA,"L1001123"
"2017-11-21",NA,NA,"L1001123"
"2017-11-22",NA,NA,"L1001123"
"2017-11-23",0.999,0.958,"L1001123"
"2017-11-24",NA,NA,"L1001123"
"2017-11-25",NA,NA,"L1001123"
"2017-11-26",2.52,2.9,"L1001123"
"2017-11-27",NA,NA,"L1001123"
"2017-11-28",NA,NA,"L1001123"
"2017-11-29",2.39,1.52,"L1001123"
"2017-11-30",NA,NA,"L1001123"
"2017-12-01",NA,NA,"L1001123"
"2017-12-02",1.87,0.707,"L1001123"
"2017-12-03",NA,NA,"L1001123"
"2017-12-04",NA,NA,"L1001123"
"2017-12-05",1.42,0.703,"L1001123"
"2017-12-06",NA,NA,"L1001123"
"2017-12-07",NA,NA,"L1001123"
"2017-12-08",NA,NA,"L1001123"
"2017-12-09",NA,NA,"L1001123"
"2017-12-10",NA,NA,"L1001123"
"2017-12-11",1.52,0.749,"L1001123"
"2017-12-12",NA,NA,"L1001123"
"2017-12-13",NA,NA,"L1001123"
"2017-12-14",3.15,1.65,"L1001123"
"2017-12-15",NA,NA,"L1001123"
"2017-12-16",NA,NA,"L1001123"
"2017-12-17",2.14,1.74,"L1001123"
"2017-12-18",NA,NA,"L1001123"
"2017-12-19",NA,NA,"L1001123"
"2017-12-20",1.45,1.31,"L1001123"
"2017-12-21",NA,NA,"L1001123"
"2017-12-22",NA,NA,"L1001123"
"2017-12-23",2.08,2.45,"L1001123"
"2017-12-24",NA,NA,"L1001123"
"2017-12-25",NA,NA,"L1001123"
"2017-12-26",3.44,1.36,"L1001123"
"2017-12-27",NA,NA,"L1001123"
"2017-12-28",NA,NA,"L1001123"
"2017-12-29",NA,NA,"L1001123"
"2017-12-30",NA,NA,"L1001123"
"2017-12-31",NA,NA,"L1001123"
"2018-01-01",NA,NA,"L1001123"
"2018-01-02",NA,NA,"L1001123"
"2018-01-03",NA,NA,"L1001123"
"2018-01-04",1.01,0.64,"L1001123"
"2018-01-05",NA,NA,"L1001123"
"2018-01-06",NA,NA,"L1001123"
"2018-01-07",1.05,1.55,"L1001123"
"2018-01-08",NA,NA,"L1001123"
"2018-01-09",NA,NA,"L1001123"
"2018-01-10",1.01,1.44,"L1001123"
"2018-01-11",NA,NA,"L1001123"
"2018-01-12",NA,NA,"L1001123"
"2018-01-13",5.87,4.14,"L1001123"
"2018-01-14",NA,NA,"L1001123"
"2018-01-15",NA,NA,"L1001123"
"2018-01-16",3.44,2.48,"L1001123"
"2018-01-17",NA,NA,"L1001123"
"2018-01-18",NA,NA,"L1001123"
"2018-01-19",NA,NA,"L1001123"
"2018-01-20",NA,NA,"L1001123"
"2018-01-21",NA,NA,"L1001123"
"2018-01-22",4.98,4.8,"L1001123"
"2018-01-23",NA,NA,"L1001123"
"2018-01-24",NA,NA,"L1001123"
"2018-01-25",1.8,1.42,"L1001123"
"2018-01-26",NA,NA,"L1001123"
"2018-01-27",NA,NA,"L1001123"
"2018-01-28",3.59,1.65,"L1001123"
"2018-01-29",NA,NA,"L1001123"
"2018-01-30",NA,NA,"L1001123"
"2018-01-31",2.12,1.88,"L1001123"
"2018-02-01",NA,NA,"L1001123"
"2018-02-02",NA,NA,"L1001123"
"2018-02-03",0.848,1.34,"L1001123"
"2018-02-04",NA,NA,"L1001123"
"2018-02-05",NA,NA,"L1001123"
"2018-02-06",2.8,3.76,"L1001123"
"2018-02-07",NA,NA,"L1001123"
"2018-02-08",NA,NA,"L1001123"
"2018-02-09",NA,NA,"L1001123"
"2018-02-10",NA,NA,"L1001123"
"2018-02-11",NA,NA,"L1001123"
"2018-02-12",1.06,0.641,"L1001123"
"2018-02-13",NA,NA,"L1001123"
"2018-02-14",NA,NA,"L1001123"
"2018-02-15",NA,NA,"L1001123"
"2018-02-16",NA,NA,"L1001123"
"2018-02-17",NA,NA,"L1001123"
"2018-02-18",2.22,1.81,"L1001123"
"2018-02-19",NA,NA,"L1001123"
"2018-02-20",NA,NA,"L1001123"
"2018-02-21",2.09,1.11,"L1001123"
"2018-02-22",NA,NA,"L1001123"
"2018-02-23",NA,NA,"L1001123"
"2018-02-24",0.895,0.291,"L1001123"
"2018-02-25",NA,NA,"L1001123"
"2018-02-26",NA,NA,"L1001123"
"2018-02-27",NA,NA,"L1001123"
"2018-02-28",NA,NA,"L1001123"
"2018-03-01",NA,NA,"L1001123"
"2018-03-02",1.07,1.16,"L1001123"
"2018-03-03",NA,NA,"L1001123"
"2018-03-04",NA,NA,"L1001123"
"2018-03-05",4.36,3.47,"L1001123"
"2018-03-06",NA,NA,"L1001123"
"2018-03-07",NA,NA,"L1001123"
"2018-03-08",3.22,1.65,"L1001123"
"2018-03-09",NA,NA,"L1001123"
"2018-03-10",NA,NA,"L1001123"
"2018-03-11",2.8,1.36,"L1001123"
"2018-03-12",NA,NA,"L1001123"
"2018-03-13",NA,NA,"L1001123"
"2018-03-14",4.13,7.17,"L1001123"
"2018-03-15",NA,NA,"L1001123"
"2018-03-16",NA,NA,"L1001123"
"2018-03-17",1.91,1.49,"L1001123"
"2018-03-18",NA,NA,"L1001123"
"2018-03-19",NA,NA,"L1001123"
"2018-03-20",1.49,0.567,"L1001123"
"2018-03-21",NA,NA,"L1001123"
"2018-03-22",NA,NA,"L1001123"
"2018-03-23",NA,NA,"L1001123"
"2018-03-24",NA,NA,"L1001123"
"2018-03-25",NA,NA,"L1001123"
"2018-03-26",1.79,1.75,"L1001123"
"2018-03-27",NA,NA,"L1001123"
"2018-03-28",NA,NA,"L1001123"
"2018-03-29",0.796,0.866,"L1001123"
"2018-03-30",NA,NA,"L1001123"
"2018-03-31",NA,NA,"L1001123"
"2018-04-01",1.75,0.788,"L1001123"
"2018-04-02",NA,NA,"L1001123"
"2018-04-03",NA,NA,"L1001123"
"2018-04-04",NA,NA,"L1001123"
"2018-04-05",NA,NA,"L1001123"
"2018-04-06",NA,NA,"L1001123"
"2018-04-07",1.38,1.07,"L1001123"
"2018-04-08",NA,NA,"L1001123"
"2018-04-09",NA,NA,"L1001123"
"2018-04-10",NA,NA,"L1001123"
"2018-04-11",NA,NA,"L1001123"
"2018-04-12",NA,NA,"L1001123"
"2018-04-13",1.51,0.248,"L1001123"
"2018-04-14",NA,NA,"L1001123"
"2018-04-15",NA,NA,"L1001123"
"2018-04-16",1.77,0.534,"L1001123"
"2018-04-17",NA,NA,"L1001123"
"2018-04-18",NA,NA,"L1001123"
"2018-04-19",1.54,0.331,"L1001123"
"2018-04-20",NA,NA,"L1001123"
"2018-04-21",NA,NA,"L1001123"
"2018-04-22",2.75,4.46,"L1001123"
"2018-04-23",NA,NA,"L1001123"
"2018-04-24",NA,NA,"L1001123"
"2018-04-25",5.47,3.1,"L1001123"
"2018-04-26",NA,NA,"L1001123"
"2018-04-27",NA,NA,"L1001123"
"2018-04-28",4.05,2.54,"L1001123"
"2018-04-29",NA,NA,"L1001123"
"2018-04-30",NA,NA,"L1001123"
"2018-05-01",5.66,2.48,"L1001123"
"2018-05-02",NA,NA,"L1001123"
"2018-05-03",NA,NA,"L1001123"
"2018-05-04",NA,NA,"L1001123"
"2018-05-05",NA,NA,"L1001123"
"2018-05-06",NA,NA,"L1001123"
"2018-05-07",1.96,1.4,"L1001123"
"2018-05-08",NA,NA,"L1001123"
"2018-05-09",NA,NA,"L1001123"
"2018-05-10",NA,NA,"L1001123"
"2018-05-11",NA,NA,"L1001123"
"2018-05-12",NA,NA,"L1001123"
"2018-05-13",3.21,1.3,"L1001123"
"2018-05-14",NA,NA,"L1001123"
"2018-05-15",NA,NA,"L1001123"
"2018-05-16",2.13,1.41,"L1001123"
"2018-05-17",NA,NA,"L1001123"
"2018-05-18",NA,NA,"L1001123"
"2018-05-19",1.52,0.584,"L1001123"
"2018-05-20",NA,NA,"L1001123"
"2018-05-21",NA,NA,"L1001123"
"2018-05-22",NA,NA,"L1001123"
"2018-05-23",NA,NA,"L1001123"
"2018-05-24",NA,NA,"L1001123"
"2018-05-25",1.85,0.874,"L1001123"
"2018-05-26",NA,NA,"L1001123"
"2018-05-27",NA,NA,"L1001123"
"2018-05-28",1.65,1.07,"L1001123"
"2018-05-29",NA,NA,"L1001123"
"2018-05-30",NA,NA,"L1001123"
"2018-05-31",NA,NA,"L1001123"
"2018-06-01",NA,NA,"L1001123"
"2018-06-02",NA,NA,"L1001123"
"2018-06-03",NA,NA,"L1001123"
"2018-06-04",NA,NA,"L1001123"
"2018-06-05",NA,NA,"L1001123"
"2018-06-06",1.68,1.26,"L1001123"
"2018-06-07",NA,NA,"L1001123"
"2018-06-08",NA,NA,"L1001123"
"2018-06-09",NA,NA,"L1001123"
"2018-06-10",NA,NA,"L1001123"
"2018-06-11",NA,NA,"L1001123"
"2018-06-12",3.06,1.85,"L1001123"
"2018-06-13",NA,NA,"L1001123"
"2018-06-14",NA,NA,"L1001123"
"2018-06-15",NA,NA,"L1001123"
"2018-06-16",NA,NA,"L1001123"
"2018-06-17",NA,NA,"L1001123"
"2018-06-18",0.645,0.212,"L1001123"
"2018-06-19",NA,NA,"L1001123"
"2018-06-20",NA,NA,"L1001123"
"2018-06-21",1.18,0.257,"L1001123"
"2018-06-22",NA,NA,"L1001123"
"2018-06-23",NA,NA,"L1001123"
"2018-06-24",1.07,0.622,"L1001123"
"2018-06-25",NA,NA,"L1001123"
"2018-06-26",NA,NA,"L1001123"
"2018-06-27",1.54,1.42,"L1001123"
"2018-06-28",NA,NA,"L1001123"
"2018-06-29",NA,NA,"L1001123"
"2018-06-30",4.41,0.733,"L1001123"
"2018-07-01",NA,NA,"L1001123"
"2018-07-02",NA,NA,"L1001123"
"2018-07-03",NA,NA,"L1001123"
"2018-07-04",NA,NA,"L1001123"
"2018-07-05",NA,NA,"L1001123"
"2018-07-06",3.02,1.42,"L1001123"
"2018-07-07",NA,NA,"L1001123"
"2018-07-08",NA,NA,"L1001123"
"2018-07-09",1.67,0.395,"L1001123"
"2018-07-10",NA,NA,"L1001123"
"2018-07-11",NA,NA,"L1001123"
"2018-07-12",1.39,0.456,"L1001123"
"2018-07-13",NA,NA,"L1001123"
"2018-07-14",NA,NA,"L1001123"
"2018-07-15",NA,NA,"L1001123"
"2018-07-16",NA,NA,"L1001123"
"2018-07-17",NA,NA,"L1001123"
"2018-07-18",4.7,0.37,"L1001123"
"2018-07-19",NA,NA,"L1001123"
"2018-07-20",NA,NA,"L1001123"
"2018-07-21",2.38,0.373,"L1001123"
"2018-07-22",NA,NA,"L1001123"
"2018-07-23",NA,NA,"L1001123"
"2018-07-24",0.923,0.367,"L1001123"
"2018-07-25",NA,NA,"L1001123"
"2018-07-26",NA,NA,"L1001123"
"2018-07-27",NA,NA,"L1001123"
"2018-07-28",NA,NA,"L1001123"
"2018-07-29",NA,NA,"L1001123"
"2018-07-30",3.75,0.373,"L1001123"
"2018-07-31",NA,NA,"L1001123"
"2018-08-01",NA,NA,"L1001123"
"2018-08-02",3.45,0.698,"L1001123"
"2018-08-03",NA,NA,"L1001123"
"2018-08-04",NA,NA,"L1001123"
"2018-08-05",6.5,1.04,"L1001123"
"2018-08-06",NA,NA,"L1001123"
"2018-08-07",NA,NA,"L1001123"
"2018-08-08",0.354,0.243,"L1001123"
"2018-08-09",NA,NA,"L1001123"
"2018-08-10",NA,NA,"L1001123"
"2018-08-11",1.68,0.222,"L1001123"
"2018-08-12",NA,NA,"L1001123"
"2018-08-13",NA,NA,"L1001123"
"2018-08-14",NA,NA,"L1001123"
"2018-08-15",NA,NA,"L1001123"
"2018-08-16",NA,NA,"L1001123"
"2018-08-17",11.8,2.22,"L1001123"
"2018-08-18",NA,NA,"L1001123"
"2018-08-19",NA,NA,"L1001123"
"2018-08-20",6.8,1.02,"L1001123"
"2018-08-21",NA,NA,"L1001123"
"2018-08-22",NA,NA,"L1001123"
"2018-08-23",1.96,0.367,"L1001123"
"2018-08-24",NA,NA,"L1001123"
"2018-08-25",NA,NA,"L1001123"
"2018-08-26",7.59,0.442,"L1001123"
"2018-08-27",NA,NA,"L1001123"
"2018-08-28",NA,NA,"L1001123"
"2018-08-29",0.525,0.403,"L1001123"
"2018-08-30",NA,NA,"L1001123"
"2018-08-31",NA,NA,"L1001123"
"2018-09-01",0.486,0.219,"L1001123"
"2018-09-02",NA,NA,"L1001123"
"2018-09-03",NA,NA,"L1001123"
"2018-09-04",NA,NA,"L1001123"
"2018-09-05",NA,NA,"L1001123"
"2018-09-06",NA,NA,"L1001123"
"2018-09-07",0.575,0.354,"L1001123"
"2018-09-08",NA,NA,"L1001123"
"2018-09-09",NA,NA,"L1001123"
"2018-09-10",0.573,0.423,"L1001123"
"2018-09-11",NA,NA,"L1001123"
"2018-09-12",NA,NA,"L1001123"
"2018-09-13",0.748,0.14,"L1001123"
"2018-09-14",NA,NA,"L1001123"
"2018-09-15",NA,NA,"L1001123"
"2018-09-16",NA,0.373,"L1001123"
"2018-09-17",NA,NA,"L1001123"
"2018-09-18",NA,NA,"L1001123"
"2018-09-19",0.267,0.118,"L1001123"
"2018-09-20",NA,NA,"L1001123"
"2018-09-21",NA,NA,"L1001123"
"2018-09-22",1.32,0.698,"L1001123"
"2018-09-23",NA,NA,"L1001123"
"2018-09-24",NA,NA,"L1001123"
"2018-09-25",0.407,0.119,"L1001123"
"2018-09-26",NA,NA,"L1001123"
"2018-09-27",NA,NA,"L1001123"
"2018-09-28",NA,NA,"L1001123"
"2018-09-29",NA,NA,"L1001123"
"2018-09-30",NA,NA,"L1001123"
"2018-10-01",0.739,0.259,"L1001123"
"2018-10-02",NA,NA,"L1001123"
"2018-10-03",NA,NA,"L1001123"
"2018-10-04",2.83,1.83,"L1001123"
"2018-10-05",NA,NA,"L1001123"
"2018-10-06",NA,NA,"L1001123"
"2018-10-07",1.45,0.265,"L1001123"
"2018-10-08",NA,NA,"L1001123"
"2018-10-09",NA,NA,"L1001123"
"2018-10-10",NA,NA,"L1001123"
"2018-10-11",NA,NA,"L1001123"
"2018-10-12",NA,NA,"L1001123"
"2018-10-13",NA,NA,"L1001123"
"2018-10-14",NA,NA,"L1001123"
"2018-10-15",NA,NA,"L1001123"
"2018-10-16",NA,0.418,"L1001123"
"2018-10-17",NA,NA,"L1001123"
"2018-10-18",NA,NA,"L1001123"
"2018-10-19",NA,NA,"L1001123"
"2018-10-20",NA,NA,"L1001123"
"2018-10-21",NA,NA,"L1001123"
"2018-10-22",4.91,3.48,"L1001123"
"2018-10-23",NA,NA,"L1001123"
"2018-10-24",NA,NA,"L1001123"
"2018-10-25",1.33,0.232,"L1001123"
"2018-10-26",NA,NA,"L1001123"
"2018-10-27",NA,NA,"L1001123"
"2018-10-28",0.65,0.749,"L1001123"
"2018-10-29",NA,NA,"L1001123"
"2018-10-30",NA,NA,"L1001123"
"2018-10-31",NA,NA,"L1001123"
"2018-11-01",NA,NA,"L1001123"
"2018-11-02",NA,NA,"L1001123"
"2018-11-03",1.49,1.43,"L1001123"
"2018-11-04",NA,NA,"L1001123"
"2018-11-05",NA,NA,"L1001123"
"2018-11-06",NA,NA,"L1001123"
"2018-11-07",NA,NA,"L1001123"
"2018-11-08",NA,NA,"L1001123"
"2018-11-09",4.45,3.48,"L1001123"
"2018-11-10",NA,NA,"L1001123"
"2018-11-11",NA,NA,"L1001123"
"2018-11-12",NA,NA,"L1001123"
"2018-11-13",NA,NA,"L1001123"
"2018-11-14",NA,NA,"L1001123"
"2018-11-15",0.495,0.419,"L1001123"
"2018-11-16",NA,NA,"L1001123"
"2018-11-17",NA,NA,"L1001123"
"2018-11-18",1.69,1.2,"L1001123"
"2018-11-19",NA,NA,"L1001123"
"2018-11-20",NA,NA,"L1001123"
"2018-11-21",2.65,1.03,"L1001123"
"2018-11-22",NA,NA,"L1001123"
"2018-11-23",NA,NA,"L1001123"
"2018-11-24",NA,NA,"L1001123"
"2018-11-25",NA,NA,"L1001123"
"2018-11-26",NA,NA,"L1001123"
"2018-11-27",1.5,0.516,"L1001123"
"2018-11-28",NA,NA,"L1001123"
"2018-11-29",NA,NA,"L1001123"
"2018-11-30",NA,NA,"L1001123"
"2018-12-01",NA,NA,"L1001123"
"2018-12-02",NA,NA,"L1001123"
"2018-12-03",NA,NA,"L1001123"
"2018-12-04",NA,NA,"L1001123"
"2018-12-05",NA,NA,"L1001123"
"2018-12-06",2.3,2.46,"L1001123"
"2018-12-07",NA,NA,"L1001123"
"2018-12-08",NA,NA,"L1001123"
"2018-12-09",1.24,1.69,"L1001123"
"2018-12-10",NA,NA,"L1001123"
"2018-12-11",NA,NA,"L1001123"
"2018-12-12",1.54,1.86,"L1001123"
"2018-12-13",NA,NA,"L1001123"
"2018-12-14",NA,NA,"L1001123"
"2018-12-15",2.7,2.47,"L1001123"
"2018-12-16",NA,NA,"L1001123"
"2018-12-17",NA,NA,"L1001123"
"2018-12-18",NA,NA,"L1001123"
"2018-12-19",NA,NA,"L1001123"
"2018-12-20",NA,NA,"L1001123"
"2018-12-21",0.803,0.171,"L1001123"
"2018-12-22",NA,NA,"L1001123"
"2018-12-23",NA,NA,"L1001123"
"2018-12-24",1.04,0.979,"L1001123"
"2018-12-25",NA,NA,"L1001123"
"2018-12-26",NA,NA,"L1001123"
"2018-12-27",NA,NA,"L1001123"
"2018-12-28",NA,NA,"L1001123"
"2018-12-29",NA,NA,"L1001123"
"2018-12-30",NA,NA,"L1001123"
"2018-12-31",NA,NA,"L1001123"
"2019-01-01",NA,NA,"L1001123"
"2019-01-02",1.39,0.772,"L1001123"
"2019-01-03",NA,NA,"L1001123"
"2019-01-04",NA,NA,"L1001123"
"2019-01-05",0.594,0.359,"L1001123"
"2019-01-06",NA,NA,"L1001123"
"2019-01-07",NA,NA,"L1001123"
"2019-01-08",1.27,1.26,"L1001123"
"2019-01-09",NA,NA,"L1001123"
"2019-01-10",NA,NA,"L1001123"
"2019-01-11",NA,NA,"L1001123"
"2019-01-12",NA,NA,"L1001123"
"2019-01-13",NA,NA,"L1001123"
"2019-01-14",4.06,4.15,"L1001123"
"2019-01-15",NA,NA,"L1001123"
"2019-01-16",NA,NA,"L1001123"
"2019-01-17",3.22,1.93,"L1001123"
"2019-01-18",NA,NA,"L1001123"
"2019-01-19",NA,NA,"L1001123"
"2019-01-20",2.43,1.84,"L1001123"
"2019-01-21",NA,NA,"L1001123"
"2019-01-22",NA,NA,"L1001123"
"2019-01-23",1.87,2.01,"L1001123"
"2019-01-24",NA,NA,"L1001123"
"2019-01-25",NA,NA,"L1001123"
"2019-01-26",1.53,0.39,"L1001123"
"2019-01-27",NA,NA,"L1001123"
"2019-01-28",NA,NA,"L1001123"
"2019-01-29",NA,NA,"L1001123"
"2019-01-30",NA,NA,"L1001123"
"2019-01-31",NA,NA,"L1001123"
"2019-02-01",1.88,2.25,"L1001123"
"2019-02-02",NA,NA,"L1001123"
"2019-02-03",NA,NA,"L1001123"
"2019-02-04",1.63,0.993,"L1001123"
"2019-02-05",NA,NA,"L1001123"
"2019-02-06",NA,NA,"L1001123"
"2019-02-07",0.408,0.441,"L1001123"
"2019-02-08",NA,NA,"L1001123"
"2019-02-09",NA,NA,"L1001123"
"2019-02-10",NA,NA,"L1001123"
"2019-02-11",NA,NA,"L1001123"
"2019-02-12",NA,NA,"L1001123"
"2019-02-13",0.67,0.556,"L1001123"
"2019-02-14",NA,NA,"L1001123"
"2019-02-15",NA,NA,"L1001123"
"2019-02-16",NA,NA,"L1001123"
"2019-02-17",NA,NA,"L1001123"
"2019-02-18",NA,NA,"L1001123"
"2019-02-19",NA,NA,"L1001123"
"2019-02-20",NA,NA,"L1001123"
"2019-02-21",NA,NA,"L1001123"
"2019-02-22",NA,NA,"L1001123"
"2019-02-23",NA,NA,"L1001123"
"2019-02-24",NA,NA,"L1001123"
"2019-02-25",0.56,1.02,"L1001123"
"2019-02-26",NA,NA,"L1001123"
"2019-02-27",NA,NA,"L1001123"
"2019-02-28",NA,NA,"L1001123"
"2019-03-01",NA,NA,"L1001123"
"2019-03-02",NA,NA,"L1001123"
"2019-03-03",0.824,0.619,"L1001123"
"2019-03-04",NA,NA,"L1001123"
"2019-03-05",NA,NA,"L1001123"
"2019-03-06",0.609,0.316,"L1001123"
"2019-03-07",NA,NA,"L1001123"
"2019-03-08",NA,NA,"L1001123"
"2019-03-09",1.6,0.998,"L1001123"
"2019-03-10",NA,NA,"L1001123"
"2019-03-11",NA,NA,"L1001123"
"2019-03-12",NA,NA,"L1001123"
"2019-03-13",NA,NA,"L1001123"
"2019-03-14",NA,NA,"L1001123"
"2019-03-15",NA,NA,"L1001123"
"2019-03-16",NA,NA,"L1001123"
"2019-03-17",NA,NA,"L1001123"
"2019-03-18",1.55,1.17,"L1001123"
"2019-03-19",NA,NA,"L1001123"
"2019-03-20",NA,NA,"L1001123"
"2019-03-21",3.94,1.44,"L1001123"
"2019-03-22",NA,NA,"L1001123"
"2019-03-23",NA,NA,"L1001123"
"2019-03-24",0.655,0.248,"L1001123"
"2019-03-25",NA,NA,"L1001123"
"2019-03-26",NA,NA,"L1001123"
"2019-03-27",1.23,0.52,"L1001123"
"2019-03-28",NA,NA,"L1001123"
"2019-03-29",NA,NA,"L1001123"
"2019-03-30",0.113,0.254,"L1001123"
"2019-03-31",NA,NA,"L1001123"
"2019-04-01",NA,NA,"L1001123"
"2019-04-02",1.19,2.56,"L1001123"
"2019-04-03",NA,NA,"L1001123"
"2019-04-04",NA,NA,"L1001123"
"2019-04-05",NA,NA,"L1001123"
"2019-04-06",NA,NA,"L1001123"
"2019-04-07",NA,NA,"L1001123"
"2019-04-08",3.02,1.79,"L1001123"
"2019-04-09",NA,NA,"L1001123"
"2019-04-10",NA,NA,"L1001123"
"2019-04-11",NA,NA,"L1001123"
"2019-04-12",NA,NA,"L1001123"
"2019-04-13",NA,NA,"L1001123"
"2019-04-14",1.5,1.74,"L1001123"
"2019-04-15",NA,NA,"L1001123"
"2019-04-16",NA,NA,"L1001123"
"2019-04-17",NA,NA,"L1001123"
"2019-04-18",NA,NA,"L1001123"
"2019-04-19",NA,NA,"L1001123"
"2019-04-20",0.694,0.416,"L1001123"
"2019-04-21",NA,NA,"L1001123"
"2019-04-22",NA,NA,"L1001123"
"2019-04-23",NA,NA,"L1001123"
"2019-04-24",NA,NA,"L1001123"
"2019-04-25",NA,NA,"L1001123"
"2019-04-26",1.5,0.779,"L1001123"
"2019-04-27",NA,NA,"L1001123"
"2019-04-28",NA,NA,"L1001123"
"2019-04-29",0.87,0.26,"L1001123"
"2019-04-30",NA,NA,"L1001123"
"2019-05-01",NA,NA,"L1001123"
"2019-05-02",4.66,3.56,"L1001123"
"2019-05-03",NA,NA,"L1001123"
"2019-05-04",NA,NA,"L1001123"
"2019-05-05",2.31,1.07,"L1001123"
"2019-05-06",NA,NA,"L1001123"
"2019-05-07",NA,NA,"L1001123"
"2019-05-08",1.6,0.88,"L1001123"
"2019-05-09",NA,NA,"L1001123"
"2019-05-10",NA,NA,"L1001123"
"2019-05-11",1.4,0.288,"L1001123"
"2019-05-12",NA,NA,"L1001123"
"2019-05-13",NA,NA,"L1001123"
"2019-05-14",NA,NA,"L1001123"
"2019-05-15",NA,NA,"L1001123"
"2019-05-16",NA,NA,"L1001123"
"2019-05-17",NA,NA,"L1001123"
"2019-05-18",NA,NA,"L1001123"
"2019-05-19",NA,NA,"L1001123"
"2019-05-20",NA,NA,"L1001123"
"2019-05-21",NA,NA,"L1001123"
"2019-05-22",NA,NA,"L1001123"
"2019-05-23",NA,NA,"L1001123"
"2019-05-24",NA,NA,"L1001123"
"2019-05-25",NA,NA,"L1001123"
"2019-05-26",NA,NA,"L1001123"
"2019-05-27",NA,NA,"L1001123"
"2019-05-28",NA,NA,"L1001123"
"2019-05-29",NA,NA,"L1001123"
"2019-05-30",NA,NA,"L1001123"
"2019-05-31",NA,NA,"L1001123"
"2019-06-01",NA,NA,"L1001123"
"2019-06-02",NA,NA,"L1001123"
"2019-06-03",NA,NA,"L1001123"
"2019-06-04",NA,NA,"L1001123"
"2019-06-05",NA,NA,"L1001123"
"2019-06-06",NA,NA,"L1001123"
"2019-06-07",NA,NA,"L1001123"
"2019-06-08",NA,NA,"L1001123"
"2019-06-09",NA,NA,"L1001123"
"2019-06-10",NA,NA,"L1001123"
"2019-06-11",NA,NA,"L1001123"
"2019-06-12",NA,NA,"L1001123"
"2019-06-13",NA,NA,"L1001123"
"2019-06-14",NA,NA,"L1001123"
"2019-06-15",NA,NA,"L1001123"
"2019-06-16",NA,NA,"L1001123"
"2019-06-17",NA,NA,"L1001123"
"2019-06-18",NA,NA,"L1001123"
"2019-06-19",NA,NA,"L1001123"
"2019-06-20",NA,NA,"L1001123"
"2019-06-21",NA,NA,"L1001123"
"2019-06-22",NA,NA,"L1001123"
"2019-06-23",NA,NA,"L1001123"
"2019-06-24",NA,NA,"L1001123"
"2019-06-25",NA,NA,"L1001123"
"2019-06-26",NA,NA,"L1001123"
"2019-06-27",NA,NA,"L1001123"
"2019-06-28",NA,NA,"L1001123"
"2019-06-29",NA,NA,"L1001123"
"2019-06-30",NA,NA,"L1001123"
"2019-07-01",NA,NA,"L1001123"
"2019-07-02",NA,NA,"L1001123"
"2019-07-03",NA,NA,"L1001123"
"2019-07-04",NA,NA,"L1001123"
"2019-07-05",NA,NA,"L1001123"
"2019-07-06",NA,NA,"L1001123"
"2019-07-07",NA,NA,"L1001123"
"2019-07-08",NA,NA,"L1001123"
"2019-07-09",NA,NA,"L1001123"
"2019-07-10",NA,NA,"L1001123"
"2019-07-11",NA,NA,"L1001123"
"2019-07-12",NA,NA,"L1001123"
"2019-07-13",NA,NA,"L1001123"
"2019-07-14",NA,NA,"L1001123"
"2019-07-15",NA,NA,"L1001123"
"2019-07-16",NA,NA,"L1001123"
"2019-07-17",NA,NA,"L1001123"
"2019-07-18",NA,NA,"L1001123"
"2019-07-19",NA,NA,"L1001123"
"2019-07-20",NA,NA,"L1001123"
"2019-07-21",NA,NA,"L1001123"
"2019-07-22",NA,NA,"L1001123"
"2019-07-23",NA,NA,"L1001123"
"2019-07-24",NA,NA,"L1001123"
"2019-07-25",NA,NA,"L1001123"
"2019-07-26",NA,NA,"L1001123"
"2019-07-27",NA,NA,"L1001123"
"2019-07-28",NA,NA,"L1001123"
"2019-07-29",NA,NA,"L1001123"
"2019-07-30",NA,NA,"L1001123"
"2019-07-31",NA,NA,"L1001123"
"2019-08-01",NA,NA,"L1001123"
"2019-08-02",NA,NA,"L1001123"
"2019-08-03",NA,NA,"L1001123"
"2019-08-04",NA,NA,"L1001123"
"2019-08-05",NA,NA,"L1001123"
"2019-08-06",NA,NA,"L1001123"
"2019-08-07",NA,NA,"L1001123"
"2019-08-08",NA,NA,"L1001123"
"2019-08-09",NA,NA,"L1001123"
"2019-08-10",NA,NA,"L1001123"
"2019-08-11",NA,NA,"L1001123"
"2019-08-12",NA,NA,"L1001123"
"2019-08-13",NA,NA,"L1001123"
"2019-08-14",NA,NA,"L1001123"
"2019-08-15",NA,NA,"L1001123"
"2019-08-16",NA,NA,"L1001123"
"2019-08-17",NA,NA,"L1001123"
"2019-08-18",NA,NA,"L1001123"
"2019-08-19",NA,NA,"L1001123"
"2019-08-20",NA,NA,"L1001123"
"2019-08-21",NA,NA,"L1001123"
"2019-08-22",NA,NA,"L1001123"
"2019-08-23",NA,NA,"L1001123"
"2019-08-24",NA,NA,"L1001123"
"2019-08-25",NA,NA,"L1001123"
"2019-08-26",NA,NA,"L1001123"
"2019-08-27",NA,NA,"L1001123"
"2019-08-28",NA,NA,"L1001123"
"2019-08-29",NA,NA,"L1001123"
"2019-08-30",NA,NA,"L1001123"
"2019-08-31",NA,NA,"L1001123"
"2019-09-01",NA,NA,"L1001123"
"2019-09-02",NA,NA,"L1001123"
"2019-09-03",NA,NA,"L1001123"
"2019-09-04",NA,NA,"L1001123"
"2019-09-05",NA,NA,"L1001123"
"2019-09-06",NA,NA,"L1001123"
"2019-09-07",NA,NA,"L1001123"
"2019-09-08",NA,NA,"L1001123"
"2019-09-09",NA,NA,"L1001123"
"2019-09-10",NA,NA,"L1001123"
"2019-09-11",NA,NA,"L1001123"
"2019-09-12",NA,NA,"L1001123"
"2019-09-13",NA,NA,"L1001123"
"2019-09-14",NA,NA,"L1001123"
"2019-09-15",NA,NA,"L1001123"
"2019-09-16",NA,NA,"L1001123"
"2019-09-17",NA,NA,"L1001123"
"2019-09-18",NA,NA,"L1001123"
"2019-09-19",NA,NA,"L1001123"
"2019-09-20",NA,NA,"L1001123"
"2019-09-21",NA,NA,"L1001123"
"2019-09-22",NA,NA,"L1001123"
"2019-09-23",NA,NA,"L1001123"
"2019-09-24",NA,NA,"L1001123"
"2019-09-25",NA,NA,"L1001123"
"2019-09-26",NA,NA,"L1001123"
"2019-09-27",NA,NA,"L1001123"
"2019-09-28",NA,NA,"L1001123"
"2019-09-29",NA,NA,"L1001123"
"2019-09-30",NA,NA,"L1001123"
"2019-10-01",NA,NA,"L1001123"
"2019-10-02",NA,NA,"L1001123"
"2019-10-03",NA,NA,"L1001123"
"2019-10-04",NA,NA,"L1001123"
"2019-10-05",NA,NA,"L1001123"
"2019-10-06",NA,NA,"L1001123"
"2019-10-07",NA,NA,"L1001123"
"2019-10-08",NA,NA,"L1001123"
"2019-10-09",NA,NA,"L1001123"
"2019-10-10",NA,NA,"L1001123"
"2019-10-11",NA,NA,"L1001123"
"2019-10-12",NA,NA,"L1001123"
"2019-10-13",NA,NA,"L1001123"
"2019-10-14",NA,NA,"L1001123"
"2019-10-15",NA,NA,"L1001123"
"2019-10-16",NA,NA,"L1001123"
"2019-10-17",NA,NA,"L1001123"
"2019-10-18",NA,NA,"L1001123"
"2019-10-19",NA,NA,"L1001123"
"2019-10-20",NA,NA,"L1001123"
"2019-10-21",NA,NA,"L1001123"
"2019-10-22",NA,NA,"L1001123"
"2019-10-23",NA,NA,"L1001123"
"2019-10-24",NA,NA,"L1001123"
"2019-10-25",NA,NA,"L1001123"
"2019-10-26",NA,NA,"L1001123"
"2019-10-27",NA,NA,"L1001123"
"2019-10-28",NA,NA,"L1001123"
"2019-10-29",NA,NA,"L1001123"
"2019-10-30",NA,NA,"L1001123"
"2019-10-31",NA,NA,"L1001123"
"2019-11-01",NA,NA,"L1001123"
"2019-11-02",NA,NA,"L1001123"
"2019-11-03",NA,NA,"L1001123"
"2019-11-04",NA,NA,"L1001123"
"2019-11-05",NA,NA,"L1001123"
"2019-11-06",NA,NA,"L1001123"
"2019-11-07",NA,NA,"L1001123"
"2019-11-08",NA,NA,"L1001123"
"2019-11-09",NA,NA,"L1001123"
"2019-11-10",NA,NA,"L1001123"
"2019-11-11",NA,NA,"L1001123"
"2019-11-12",NA,NA,"L1001123"
"2019-11-13",NA,NA,"L1001123"
"2019-11-14",NA,NA,"L1001123"
"2019-11-15",NA,NA,"L1001123"
"2019-11-16",NA,NA,"L1001123"
"2019-11-17",NA,NA,"L1001123"
"2019-11-18",NA,NA,"L1001123"
"2019-11-19",NA,NA,"L1001123"
"2019-11-20",NA,NA,"L1001123"
"2019-11-21",NA,NA,"L1001123"
"2019-11-22",NA,NA,"L1001123"
"2019-11-23",NA,NA,"L1001123"
"2019-11-24",NA,NA,"L1001123"
"2019-11-25",NA,NA,"L1001123"
"2019-11-26",NA,NA,"L1001123"
"2019-11-27",NA,NA,"L1001123"
"2019-11-28",NA,NA,"L1001123"
"2019-11-29",NA,NA,"L1001123"
"2019-11-30",NA,NA,"L1001123"
"2019-12-01",NA,NA,"L1001123"
"2019-12-02",NA,NA,"L1001123"
"2019-12-03",NA,NA,"L1001123"
"2019-12-04",NA,NA,"L1001123"
"2019-12-05",NA,NA,"L1001123"
"2019-12-06",NA,NA,"L1001123"
"2019-12-07",NA,NA,"L1001123"
"2019-12-08",NA,NA,"L1001123"
"2019-12-09",NA,NA,"L1001123"
"2019-12-10",NA,NA,"L1001123"
"2019-12-11",NA,NA,"L1001123"
"2019-12-12",NA,NA,"L1001123"
"2019-12-13",NA,NA,"L1001123"
"2019-12-14",NA,NA,"L1001123"
"2019-12-15",NA,NA,"L1001123"
"2019-12-16",NA,NA,"L1001123"
"2019-12-17",NA,NA,"L1001123"
"2019-12-18",NA,NA,"L1001123"
"2019-12-19",NA,NA,"L1001123"
"2019-12-20",NA,NA,"L1001123"
"2019-12-21",NA,NA,"L1001123"
"2019-12-22",NA,NA,"L1001123"
"2019-12-23",NA,NA,"L1001123"
"2019-12-24",NA,NA,"L1001123"
"2019-12-25",NA,NA,"L1001123"
"2019-12-26",NA,NA,"L1001123"
"2019-12-27",NA,NA,"L1001123"
"2019-12-28",NA,NA,"L1001123"
"2019-12-29",NA,NA,"L1001123"
"2019-12-30",NA,NA,"L1001123"
"2019-12-31",NA,NA,"L1001123"
