"tempdate","temp_de","temp_it","temp_at","temp_pl","temp_ru","temp_ukr"
"20160102",8.2,-2.1,12.2,7,2.6,-1.5
"20160103",6.1,-2.4,12.7,5.9,6.6,2.6
"20160104",5.5,-0.3,11,6.4,5.9,2.5
"20160105",4.9,1.8,10.8,3.2,6.2,3.1
"20160106",3.3,2,8.4,2.4,4.7,3.4
"20160107",4.2,1.7,7.8,0.8,4.1,1.9
"20160108",4.4,-0.8,5.3,3.2,4.3,0.8
"20160109",4.6,-1.9,7,1.9,4.3,-0.6
"20160110",5.2,-2.2,6.6,1.2,5.6,-1.3
"20160111",5.7,-2.2,8.7,3.4,6.9,-1.1
"20160112",5.7,-2.3,6.3,5.5,7.2,1.5
"20160113",3,0.1,9.7,2,3.5,1.9
"20160114",1.4,-1.7,9.3,-0.6,2.7,-0.4
"20160115",-2,-3.5,5.7,-2.6,0.7,-3.1
"20160116",-2,-4.2,4.8,-3.5,-0.8,-3.7
"20160117",-1.1,-5.7,2.3,-4.4,0,-6.2
"20160118",0.2,-6.1,2.8,-3,2.1,-6.9
"20160119",5,-8.2,6.1,0.5,5.4,-8
"20160120",2.6,-10.7,12.7,1.4,4.1,-3.4
"20160121",3.7,-11.4,8.7,0.2,3.1,-0.5
"20160122",5,-14.5,10.5,1.6,6.1,-3.2
"20160123",3.4,-13.9,11.5,0.8,6.5,-5.1
"20160124",1.9,-14.3,10,-1,2.8,-3
"20160125",-0.6,-15.4,6.8,-1.5,0.6,-8.4
"20160126",-1.2,-15.5,5.8,-5.1,-0.5,-14.5
"20160127",-0.1,-15.8,4,-10.4,-2.1,-14.7
"20160128",-0.6,-14.3,5.8,-10.4,-1.6,-14.3
"20160129",-2.9,-14.4,7.7,-10.9,-2,-13
"20160130",-4,-16.7,6.3,-12.2,-3,-13.6
"20160131",-5.8,-18.8,6.3,-12.9,-4.8,-16.3
"20160201",-7.7,-22.4,5.6,-15.1,-8.2,-20.3
"20160202",-10.1,-18,2.4,-18,-10.9,-22.4
"20160203",-10.8,-20.2,1.5,-18.4,-11.7,-20.9
"20160204",-11.4,-18,-0.1,-17.6,-9.9,-14
"20160205",-12.2,-12,1.1,-16.8,-9.5,-9.5
"20160206",-13.5,-13.6,0.9,-15.6,-10.5,-11.2
"20160207",-11.7,-16,2.2,-10.4,-9.6,-11.9
"20160208",-7.5,-17.1,5,-8.7,-8.5,-15.9
"20160209",-7.6,-17.4,4.8,-10.8,-7.3,-14.9
"20160210",-9,-16.1,2.2,-13.1,-9.4,-15.7
"20160211",-10,-16.7,1.3,-14.3,-10.4,-17.6
"20160212",-9.6,-23.1,0.6,-12.1,-9.1,-17.7
"20160213",-3.9,-23.4,1.2,-6.8,-6.2,-16.6
"20160214",-0.5,-16.5,1,-5,-2.6,-10.9
"20160215",2.2,-7.3,3.6,-4,2.4,-11.4
"20160216",1.3,-9.8,6.7,-7.5,1.1,-10.1
"20160217",3.7,-10.2,6.7,-5.1,3.2,-9.9
"20160218",4.8,-12,7.9,1,5,-11.5
"20160219",2.6,-12.2,9.6,1.1,2.9,-12.2
"20160220",0.1,-10,9.5,0.5,2.6,-7.5
"20160221",0.8,-5.7,10,-0.3,0.7,-2.1
"20160222",3.6,-3.2,10.5,2.5,4.5,-0.5
"20160223",5.9,-1.1,10.4,4.1,4.2,1.9
"20160224",8.4,0.5,8.9,7.1,9.1,2.6
"20160225",6.3,-2,8.9,4.3,10,2.9
"20160226",3.9,-2.2,9.7,0.2,4.9,1.3
"20160227",3.1,-2.7,8.7,-1.6,3,-1.6
"20160228",6.9,-4.3,7.8,-1.5,4.8,-3.2
"20160229",8.7,-4,9.1,4.1,9.5,-2.7
"20160301",8.2,-3.6,12.5,5.3,11.3,-2.2
"20160302",7,-3.8,10.4,4.4,9.9,1.2
"20160303",6.5,-6.4,11.7,2.3,5.2,0.2
"20160304",6.5,-2.6,10.9,-0.9,4.2,-0.9
"20160305",4.2,-6.2,10.4,-1.3,3.5,-3
"20160306",2.9,-8.3,10.8,-2.8,2,-4.8
"20160307",3.4,-9.1,9.1,-3.1,0.8,-6.1
"20160308",4.1,-10.5,9.3,-1.5,1.8,-5.1
"20160309",4,-8.6,12,-1,5.1,-3.6
"20160310",6.7,-5.3,12,3.5,6.2,-1.9
"20160311",7.2,-3.8,12.3,4,7.3,0.8
"20160312",7.3,-2.3,13.1,2.1,8.7,0.2
"20160313",6.9,-0.2,12.1,6,9.3,4.3
"20160314",6.3,-1.8,10.7,3.9,8.1,3
"20160315",7.5,-7.2,10.3,1.9,7.7,0.2
"20160316",10.6,-7,11.4,6.4,8.8,1.6
"20160317",10.9,0.5,13.2,8.9,10.7,7.6
"20160318",8.6,2.4,15.1,9.1,12.9,12.6
"20160319",6,2.4,14.8,7.6,10.6,12.9
"20160320",6.6,0.3,12.6,6.6,8.9,6.8
"20160321",8.6,-0.6,12.6,10.2,10.2,7.1
"20160322",9.8,1.1,13.4,9.7,11.8,7
"20160323",10.6,-1.4,14,10.8,12.4,10.5
"20160324",10.4,-5.4,14.8,7.6,13.4,5.5
"20160325",10.2,-3.5,13.4,5.9,15.1,6.9
"20160326",8.9,-3.2,15.4,4.6,11.2,2.4
"20160327",10,-2.7,13.8,8.9,11.9,-0.1
"20160328",11.4,-2.2,13,10.9,15.7,2.7
"20160329",8.9,0.7,12.9,7.4,12.9,6.9
"20160330",8.1,1.1,12.5,5.4,8.5,4
"20160331",6.7,0.1,13.1,3,8.9,2.9
"20160401",4.2,0.7,13.9,2.3,4.6,2.7
"20160402",6.6,-0.3,13.5,4.1,10.1,2.1
"20160403",9.1,0.4,15.1,5.1,11.4,6.2
"20160404",8.1,1.4,14.9,6.8,14.9,9.3
"20160405",5.8,-0.1,14.8,3,12.3,13.2
"20160406",4.8,1.6,15.2,3.1,8.9,6.8
"20160407",3.8,1.1,15,4.5,8,10.9
"20160408",2.3,3.3,13.3,1.2,2.8,8.1
"20160409",5.3,2.8,10,1.9,5.4,2.7
"20160410",11.5,2.3,11.2,6.2,9.2,3
"20160411",8.6,3.3,13.6,9.8,11.9,6
"20160412",7.3,4.7,13.5,11.2,6.7,9.3
"20160413",6.9,3.5,11.9,8.6,9.6,10.2
"20160414",7.7,7,12.4,9.7,11.2,13.3
"20160415",7.7,8.6,12.1,9.9,9.9,11.6
"20160416",5.4,13.5,12.7,6.6,6.8,11.8
"20160417",5.5,14.4,13.1,5.5,6.4,11.6
"20160418",7.9,7.9,13,7.3,8.2,8.7
"20160419",9.9,8.2,13.9,8.7,10.9,13
"20160420",9.3,11.7,13.1,9.9,10.4,14.4
"20160421",8.5,15.3,14.9,11.8,12,11.9
"20160422",7.6,14.7,16.3,13.2,9.5,13.3
"20160423",8.4,13.9,15.3,9.5,11.4,15.5
"20160424",8.8,15,14.1,12.1,11.1,14
"20160425",11,15.1,13.8,11.7,13.8,16.4
"20160426",13.7,16.4,14,14.8,15,17.9
"20160427",15.1,15.4,16.6,18.3,17.3,20.4
"20160428",19.4,18.7,17.8,21.2,20.4,23.4
"20160429",18.1,16.2,17.8,21.7,22.3,24
"20160430",17.3,9.4,17.9,22,21.7,24.6
"20160501",16.4,10.7,17.3,22.1,21.4,22.9
"20160502",16.8,8.2,15.2,18.1,22.4,19.5
"20160503",14.2,12.1,14.6,19.9,17.8,17.4
"20160504",14.5,10.9,14.3,17.4,14.7,19.8
"20160505",10.9,15.5,16.3,17.8,14.9,20.6
"20160506",8.8,17,16.2,13.4,15.7,19
"20160507",9.7,17,16.3,6.8,14.5,20.3
"20160508",14.2,15.1,15.2,10.8,14.6,18.1
"20160509",16.4,12.6,17.6,13.3,18.1,13.4
"20160510",19.6,10.4,18,18.6,21,17
"20160511",20.4,16.6,20.1,22.7,21.7,19.3
"20160512",10.2,20.6,19.1,12.4,15.8,22.3
"20160513",8,12,19,8.2,11.1,10.8
"20160514",10.3,9.9,14.8,11.6,10.4,11.3
"20160515",9.3,13.1,14.5,10.8,13.5,15.9
"20160516",7.5,20.4,16.2,10.6,9.3,17.9
"20160517",8.4,19.1,13.9,8.9,9.8,16.9
"20160518",12.7,17.6,15.1,9.8,11.5,14.4
"20160519",17,17.1,16.6,14.4,16.6,17.8
"20160520",19.2,20.4,16.1,19.7,20.4,21.9
"20160521",19.8,20.9,16.7,22.5,20.4,21.8
"20160522",20.6,21,15.9,23.1,18.1,22.2
"20160523",20.5,15.6,16.5,22.7,22.1,23
"20160524",19.5,11.7,20,17.2,22.1,17.5
"20160525",17.4,12.4,20.5,16.1,18.4,14.4
"20160526",17.4,14,18.9,16.1,18,15.3
"20160527",17.2,15.5,18.5,16.7,18.5,16.8
"20160528",17.9,13.7,15.3,18.4,16.7,18.1
"20160529",17.2,16.8,16.4,17.3,19.1,20.2
"20160530",15.9,18.8,18.5,12.1,18.4,19.1
"20160531",15.6,11.1,19.8,13.9,18.9,14.3
"20160601",13.4,11.9,19.7,11.9,16.8,16.9
"20160602",13,13.9,21,10,16.1,14.2
"20160603",11.9,9.3,21,12.8,20.4,14.1
"20160604",12.2,11.8,19.4,12.8,16,19.8
"20160605",10.6,14.9,18.9,14.1,13.4,17.1
"20160606",12.3,17.4,19.9,13.7,14.9,19.5
"20160607",17.2,15.7,20.5,16.3,21.3,15.9
"20160608",17.5,16.8,22.5,19.2,21.8,18
"20160609",15.4,16,21.7,20,16.4,21.9
"20160610",14.3,15.9,21.2,18.6,14.6,21.4
"20160611",14.6,19,22.4,15.7,16,23.8
"20160612",14.6,20.3,22.5,18.2,17.1,22.3
"20160613",13.4,16.7,20,16.8,14.8,22.6
"20160614",13.3,17,19.8,15.8,18,20.9
"20160615",16.9,18.7,21.1,13.6,19.2,17.7
"20160616",18.8,18.3,23.8,20.5,23.9,17.5
"20160617",17.4,19.9,24.3,21.7,23.9,22.7
"20160618",20.4,19.5,24.6,22.9,26.3,24.6
"20160619",19,19.9,24.4,21.5,25.6,25.3
"20160620",18,19.5,24.8,18.2,26.8,24.6
"20160621",17.9,18.6,24.2,19.6,24,22.7
"20160622",17.7,19.7,24.9,17.5,22.8,24.1
"20160623",17,20.1,25.2,19,19.7,22.1
"20160624",16.5,16.5,24.5,20.4,22.8,20.6
"20160625",14.5,19.1,23.5,17,18,22.3
"20160626",15,21.4,24.6,14.3,19.1,18.3
"20160627",17.2,16.3,26,15.8,20,15.7
"20160628",21.2,16.2,26.3,17.3,23.1,16.4
"20160629",23.1,15.5,24.8,20.5,25.3,18.4
"20160630",22.6,16.9,25.7,24.4,28.2,20.5
"20160701",18.2,18.6,26.4,26.2,28.7,22
"20160702",16.4,22,26.7,22.5,27.1,24.2
"20160703",18.1,22,24.9,24.4,25.6,26.6
"20160704",20.6,23,24.1,23.4,24.2,25.4
"20160705",20.8,23.8,24.2,25.1,25.9,25.7
"20160706",20,23.5,25.1,26,25.2,27.4
"20160707",19.2,22,25.3,26.4,24.4,28.1
"20160708",19.1,22.1,25.2,22.1,23.8,28
"20160709",18.7,24.1,26.1,22.8,22.8,26.8
"20160710",18.9,23.8,26.2,22,23.2,22.7
"20160711",16.9,22.9,26.3,23,22.4,22.6
"20160712",14.7,24.9,25.8,17.7,19.6,23.1
"20160713",15,20.7,25.3,16.1,14.8,21.5
"20160714",16.2,19.3,25.1,18.8,16.4,23.4
"20160715",15.1,20,26.4,18.3,16.9,23.2
"20160716",14.9,19.8,24.4,15.8,16.8,20.2
"20160717",16.6,16.9,24.7,14.5,17.9,18.7
"20160718",19,16.8,25.9,16.4,20.5,17.4
"20160719",17.4,15,24.5,17.7,21.7,21.3
"20160720",15,15.5,24.9,16.8,17.6,22.2
"20160721",13.8,16.7,24.9,15.9,16.3,18.4
"20160722",14.4,17.6,24.3,16.3,15.4,17.1
"20160723",17.6,18.4,22.6,18.7,19.4,20.5
"20160724",21.3,20.1,22.7,20.9,22,21.6
"20160725",23.2,22.5,23.6,22.9,20.3,23.5
"20160726",23.6,23.1,24.3,23.5,21.6,26.3
"20160727",24.5,23.2,25.8,25.8,24.3,27.9
"20160728",20.7,21.6,25.4,26.7,24.7,27.7
"20160729",17.7,22.4,26.6,25.1,22,27.6
"20160730",16.1,23.1,25.9,20.7,20.5,26.6
"20160731",17.2,23.6,25.9,20.7,22.3,26.2
"20160801",21.3,24.5,26.1,21.8,22.9,26.1
"20160802",22.1,20.8,25.8,24.8,24.8,26.1
"20160803",19.8,21.2,25.8,23.2,21.9,26.3
"20160804",19.9,21.2,25.9,21.8,23.3,25.4
"20160805",19.8,22.6,26.8,22.1,24.5,26
"20160806",18.4,22.4,28,25.4,25.9,27.5
"20160807",17.1,26,28,20,21.8,28.5
"20160808",16.7,21,25.5,18.1,21.6,23.2
"20160809",17.1,19.2,25,15.7,21.3,21.2
"20160810",16.3,17.4,26.3,15.8,19.8,18.3
"20160811",16,16.5,26.2,13.9,15.7,18.1
"20160812",16.8,17.7,25.6,15,16.7,20.3
"20160813",18.2,18.8,26.6,14.9,17.4,15.8
"20160814",19.6,15.6,26,14.9,18.6,13.8
"20160815",21,19.1,25.6,15.9,19.6,15.3
"20160816",18.4,17.6,25.2,16.3,20.3,16.9
"20160817",19.8,18.2,24.6,17.9,21.6,18.5
"20160818",22.9,17.6,28,18.5,22,19.2
"20160819",26.3,18.9,27.4,21.8,23.2,19.6
"20160820",25.6,15.3,26.8,25.1,25.7,20.2
"20160821",23.4,10.9,26,23.6,25,16.4
"20160822",21,12.6,26.9,22.3,25.6,18.6
"20160823",18.5,15.5,26.6,19.4,25.8,22
"20160824",18.2,15.4,27.2,18.9,26.6,22.1
"20160825",19.7,16.4,26.8,19.8,23,24.4
"20160826",16.7,16.1,26.9,18.2,18.1,23.1
"20160827",16.6,16.3,26.4,15.8,18.2,19.9
"20160828",18.6,15.4,25,14.6,19.4,15.2
"20160829",20.8,14.5,24.5,17.7,22.7,13.7
"20160830",18.2,12.8,25,18.8,23.6,14.8
"20160831",14.4,11.2,24.8,19.6,16.2,16
"20160901",14,9.8,22,17.1,14.5,17.3
"20160902",15.2,9.2,20.2,18.3,18.8,20.4
"20160903",17,13.1,21,19.2,20.5,20.8
"20160904",17.6,13.6,19.6,17.3,20.9,18.5
"20160905",16.2,14.7,21.5,17.5,21.2,18.5
"20160906",14.4,15.9,22.8,14.5,17.7,15.9
"20160907",15.5,11.2,22.5,13,17.9,14
"20160908",17.9,11.9,22.6,15,21.2,14.2
"20160909",19.8,9.2,22.2,15.8,20.6,14.6
"20160910",21.3,9.6,22,17.6,21.7,13.5
"20160911",18.4,11.4,22.3,21.2,22.1,16.5
"20160912",12,16.5,22.6,17.3,17.3,16.8
"20160913",11.1,16.3,20.3,11.8,11.1,16.8
"20160914",12.9,16.2,16.5,13.3,14.1,18.7
"20160915",13.9,15.3,20.9,13.7,15.6,18.9
"20160916",14.7,12.4,20.4,15.1,15.5,14.9
"20160917",15.6,11.8,18.8,16,16.9,14.6
"20160918",16,14.1,19.4,17,17.9,15.7
"20160919",11.1,15.2,19.7,13.8,14.2,17.9
"20160920",9.8,15.6,20.6,10.6,12.1,18.5
"20160921",12,14.5,18.6,10.4,11.8,13.8
"20160922",11.2,13.5,22.6,12.2,12.9,13.6
"20160923",11.4,12.1,23.5,9.9,12.5,12.2
"20160924",14.2,9.6,23.7,9.5,16.1,11.9
"20160925",14.2,10.6,22.7,13.2,18.6,16
"20160926",14,10.8,23.7,16.2,18.7,17
"20160927",12.8,11.9,24.4,17.1,16.4,16.4
"20160928",12.8,17.9,23.2,13.1,16.9,17.8
"20160929",11.6,11.8,24.2,14.3,14,15.3
"20160930",10.8,10.6,20.9,12,15,14.8
"20161001",11.6,9.9,19.5,10.1,16.7,12.7
"20170701",17.7,21.2,20.7,15.2,18.4,20.5
"20170702",18.7,21.5,21.6,20.1,20.9,20
"20170703",18.2,23.5,21.5,22.2,22.3,19.2
"20170704",18.7,24.6,22,23.2,22.6,24
"20170705",19.1,23.4,24.8,23.5,22.8,25.7
"20170706",19.4,23.6,25.8,20.8,22.4,25.8
"20170707",20,20.6,23.6,18.8,22.5,22.8
"20170708",20.3,19.5,23,20.9,22.3,22.1
"20170709",20.6,18.8,23.2,20.8,22.4,22.7
"20170710",18.8,19,24.1,21.3,23.2,22.3
"20170711",16,19.9,24,17.5,19,23.1
"20170712",16.4,20.5,23.9,16.2,19.8,22.2
"20170713",17.2,21.3,24.8,16.8,19.8,20.9
"20170714",17.2,19.9,25.1,18.5,21.1,18.3
"20170715",17.9,19.3,24.9,17.4,20.7,18.3
"20170716",19.5,18.9,25,17.6,20,19.8
"20170717",20.8,17.5,25.6,19.2,22.1,20.1
"20170718",21.9,18.4,25.8,21.3,23.8,21.1
"20170719",21.3,18.2,25.6,20.5,24.9,21.9
"20170720",21,17.3,24.1,17.4,23.6,18.4
"20170721",22.5,14.1,24,19.2,22.4,16.2
"20170722",23.9,14.1,24.8,18.7,22.4,17
"20170723",23.8,14.5,26.3,16.3,24.6,14.6
"20170724",21.5,15.8,25.8,17,25,18.6
"20170725",21.9,17,25.3,19.2,24.8,19.8
"20170726",23.8,17.9,27.1,21.4,25.4,19.4
"20170727",26,15.5,26.9,23.2,27.5,20.3
"20170728",24.3,17.1,27.3,26.1,29.6,22.6
"20170729",19.4,17.2,27.6,29.1,26.9,23.1
"20170730",19.2,17.8,25.5,21.9,21.9,21.8
"20170731",20.1,18.1,27,20.9,23.4,22.2
"20170801",23.1,18.6,26.8,20.9,24,21.8
"20170802",26.6,18.1,25.9,22.5,26,18.9
"20170803",24.5,18.9,26.3,22.2,27.8,17.1
"20170804",21.5,19.2,27.1,23.5,27.5,21.5
"20170805",23,18.9,26.8,24.6,24.3,22.4
"20170806",23.4,20.4,27.5,25.8,27.9,23.3
"20170807",20.3,20.5,26.9,26.8,28.5,24.3
"20170808",18.9,20.3,27.7,28.8,29.7,25.3
"20170809",17,21.8,26.8,23.4,24,25.5
"20170810",18,23.4,25,17.7,19.9,25.1
"20170811",16.7,22.8,25.8,18.4,21.9,24.6
"20170812",17.4,19.7,26.9,18.6,21.9,21.9
"20170813",15.2,19.9,25.4,16.9,19.9,23.2
"20170814",14.7,20.6,24.5,16.1,19.2,20.8
"20170815",16.5,18.2,26.2,16.8,18.2,17.4
"20170816",20,16.9,26,18.9,19.3,19.2
"20170817",20.6,16.7,25.2,20.1,21.7,20.4
"20170818",20.1,17.8,24.7,22,24.2,21
"20170819",17.2,17.5,24.9,21.9,24,21.5
"20170820",15.4,17.9,24.3,19.4,18.2,22.3
"20170821",16.1,20.7,24.8,14.6,18.2,21.8
"20170822",17.6,20.9,24.9,16.4,18.5,22.3
"20170823",17.9,19.8,23.9,16.8,19.5,18
"20170824",18.1,14.2,25,16.8,17,16
"20170825",16.9,13.9,25.1,16.1,16.5,13.9
"20170826",16.5,14.8,24.8,15.8,15.5,14.4
"20170827",15.9,12.2,22.8,17.5,16.3,15.2
"20170828",16.2,14.5,22.7,17.1,16,16.2
"20170829",16.5,16.6,22.2,17.4,18.5,13.5
"20170830",17.5,15.1,23.6,17.8,18.1,13.9
"20170831",17,15.1,23.7,18.1,19.4,13.6
"20170901",14.2,13.8,22.3,15,18.3,16.7
"20170902",15.5,15.1,21.6,12.9,16.6,15.2
"20170903",17.8,14,23.7,14.3,18.9,12.1
"20170904",18.7,11.1,23.9,14.2,19,12.6
"20170905",20.4,8.6,24.2,15.6,18.7,13.4
"20170906",21.4,10.5,23.7,15.5,18.7,10.2
"20170907",20.1,13.3,24,15.5,19.5,13.2
"20170908",17.1,13.4,23.6,15.8,20.6,12.4
"20170909",13.6,13.8,24.6,17.3,17.7,15.9
"20170910",12.3,12.4,23.2,14.4,17.4,16.6
"20170911",11.6,9.8,22.6,12.6,14.5,17.3
"20170912",12.2,9.9,22.2,12.4,15.3,16.6
"20170913",13.5,11,19.3,11.2,12.7,15.5
"20170914",14.6,11.3,19.7,12.3,15.1,14.3
"20170915",14.3,11.6,19.9,14,16.8,14
"20170916",12.2,13.2,20.5,15.1,17,13.9
"20170917",9.8,13.1,21.5,12.3,10.9,15.7
"20170918",11.3,14,18.4,10.9,11.9,16.2
"20170919",11.3,12.8,20.7,11,12.6,12.8
"20170920",12.8,11.1,20.9,11.7,13.3,11.5
"20170921",12.8,10.4,20.6,12.1,14.3,12.3
"20170922",13.4,10.5,21.1,12.5,14.8,12.8
"20170923",14.8,9.9,19.2,13.6,16.4,11.3
"20170924",14,8.4,19,10.8,16.1,9.6
"20170925",13.2,5.9,19.6,8.8,14.2,8.1
"20170926",12.8,3.9,20.3,7.6,15.5,7.7
"20170927",10.6,4.6,18.9,7.7,10.9,6
"20170928",10.8,4.8,21.2,7.9,9.8,6
"20170929",10.9,4.2,22.5,8.2,9.9,6.3
"20170930",9.6,1.5,21.3,7.8,10.8,6.1
"20171001",9.3,2.4,19.1,7.7,9,4.8
"20171002",8.3,2.8,19.8,6.1,8,4.4
"20171003",8.6,1.8,18.9,5,6.4,3.1
"20171004",10.5,4,18.5,4.1,7.5,5.2
"20171005",11.6,6.2,19.4,7.1,8.9,6.7
"20171006",12,8.1,20.7,9.5,9.5,8
"20171007",12.7,8.7,19.8,10.8,9.7,10
"20171008",12.8,10.8,18.7,10.8,11.5,11.8
"20171009",12.8,12,17.4,11.3,13.1,11.4
"20171010",8.4,11.1,18,12.4,13.3,9.6
"20171011",7.5,9.7,19.3,12.4,8.6,11.7
"20171012",6.8,8.9,18.8,11,12.2,12.1
"20171013",7.5,8.1,18.6,12.5,9.9,10.4
"20171014",9.4,3.5,18.6,9,9,10.6
"20171015",10.3,6.2,18.9,9.5,12.5,11.6
"20171016",9.3,8.6,21.6,8.5,10.6,11.4
"20171017",11.6,3.5,17.6,6.2,10.8,8.9
"20171018",10,5.3,17,9,13.2,9.5
"20171019",11,3.3,18.1,4.5,10.8,6.5
"20171020",14.7,3.6,18.8,11.2,10.3,6.8
"20171021",14.3,1.8,21.7,13.1,14.8,12
"20171022",15.9,-0.7,20,11.5,12.7,9.4
"20171023",15.4,0.7,19.6,14.4,14.3,6.3
"20171024",12.9,5.4,19.7,14,14.5,9.3
"20171025",12.1,9.3,19.5,11.7,12.6,10.7
"20171026",15.9,8.7,18.6,14.9,13.1,9.6
"20171027",14.9,10,19.1,16.5,14.3,14
"20171028",15.2,11.4,20.2,15.7,16.6,15.2
"20171029",10.9,11.6,19.6,14.7,12.3,16.9
"20171030",8,10.3,19,9.8,11,13.9
"20171031",6.5,7,15.6,6.9,8.3,9.3
"20171101",8.1,6.5,17.9,6.6,8.5,7.9
"20171102",11.1,6.1,18.5,9.2,8.5,9.6
"20171103",9.1,7.1,20.1,12.4,9.5,12.1
"20171104",8.5,9.1,20.3,8.1,9,10.7
"20171105",6.5,7.5,16.7,8.8,8,12
"20171106",8.6,13.9,14.9,6.7,8.4,12.9
"20171107",12.6,9.2,16.6,8.5,14.1,6.4
"20171108",10.7,5.3,19.3,9.1,11.1,10.4
"20171109",8.6,5.2,19.1,10.2,10,10.8
"20171110",5.6,9.6,16.3,6.1,8.6,10.7
"20171111",4.4,8.1,12,4.9,6.6,10.4
"20171112",3.8,3.6,13.1,5.3,5,7
"20171113",4.9,3.1,14.4,4.7,6.2,2.5
"20171114",3.3,2.3,15.5,2.8,4.5,4.8
"20171115",3.3,2.8,14.3,2.8,5.7,4.7
"20171116",3.5,2,14.8,4.2,5.5,4
"20171117",4,5.6,15.8,4.5,4.9,5.3
"20171118",5.1,0.5,15,5.3,6.7,4.7
"20171119",4.5,0.3,14.2,5.3,6.8,3.5
"20171120",3.1,1.7,12.4,5.9,7.1,6
"20171121",1.9,2.3,13.3,6.4,6,7.3
"20171122",3.5,3.4,10.2,7.4,6.7,5
"20171123",4.7,4.1,8.6,8.7,7.8,5.7
"20171124",3.2,4.5,9,6.8,7.2,5.6
"20171125",-0.5,3.4,7.6,1.3,1.9,6.7
"20171126",-1.6,0.3,4.2,-0.3,0.9,1
"20171127",-1.3,-4.6,4.5,-1.8,0.8,-1.7
"20171128",2.5,0.1,4.9,4,0.5,0.8
"20171129",3.8,0.2,7.8,2.8,3.3,2.3
"20171130",3.3,-4.5,7.3,2.8,4.8,1.9
"20171201",3.6,-0.1,11.9,4.5,4.9,3.5
"20171202",2.4,-1.6,14.7,2,4.3,1.3
"20171203",-0.3,-5.9,11.7,-0.8,0.9,-2.2
"20171204",1.4,0.8,8.4,0.6,-0.4,0.7
"20171205",3.2,-1.4,6.7,2.5,4.3,1.8
"20171206",1.7,-1.5,8.5,0.6,3.4,0
"20171207",1.8,-1.8,8.6,-0.3,2.5,0.2
"20171208",4.9,-3.1,9.5,-1.9,5.1,-0.5
"20171209",6.5,-7.3,9.8,1.5,6.4,-3.4
"20171210",5.6,-11.6,8,-1.9,6.2,-7.9
"20171211",3.7,-10.9,8.9,2.9,2.2,-7.2
"20171212",1.9,-3,8.7,2.6,1.4,-1
"20171213",0.1,1,7.2,1.4,1.6,0.6
"20171214",1.2,-4.1,7.4,2.2,2,-0.6
"20171215",3.5,-8,9.9,2.3,5.6,-2.8
"20171216",4.4,-7.2,7.7,3.8,-0.5,-0.4
"20171217",3.7,0.5,4.5,1,-1.7,1.3
"20171218",3.1,1.6,6,-0.1,-1.8,0.9
"20171219",4.8,0.3,7.7,-1.4,-2.5,-0.2
"20171220",3.7,-1.8,12.3,0.6,0.1,-3.4
"20171221",3.2,-1.1,11.2,3.3,2.3,0.5
"20171222",7.5,1.2,9.2,4.9,1.8,2.6
"20171223",7.5,1.6,7.8,5.7,2,4.2
"20171224",9.3,2,6.8,4.7,6.5,3.2
"20171225",7.9,1.9,12,6.7,10.9,2.1
"20171226",4.9,0.9,13.8,7.6,9.5,1.5
"20171227",5.5,-0.5,9.6,6.5,6.4,-0.5
"20171228",6.6,0.3,9.3,5.5,5.7,1
"20171229",4.7,1.9,12,5.8,6.9,-1
"20171230",2.3,2,9.6,2.5,5.4,-0.2
"20171231",1.7,2.2,10.1,-0.7,3.9,-1
"20180101",2.9,0.3,8.5,1.6,4.2,-1.5
"20180102",5.3,-2.6,9.1,0.4,3.9,0.2
"20180103",6.2,-2.3,13.4,2.1,2.4,0.7
"20180104",6,-1.7,14.4,3.7,4,0.9
"20180105",4.6,0.3,13.2,6.5,7.8,1.5
"20180106",5.5,0.9,9.2,4.4,6,4.6
"20180107",9.1,1.2,8.8,4.3,4.4,1.8
"20180108",8.7,2.5,9.8,5.5,3.8,3.8
"20180109",8.7,2.7,7.3,6.1,3.1,6.1
"20180110",5,3.2,11,7,6.2,5
"20180111",3.8,1.1,9.4,4.9,4.4,4.5
"20180112",2.5,0,9.9,3,4.7,2.3
"20180113",2.6,-4.3,9.4,-1.4,0.6,-0.5
"20180114",3.1,-9.3,11.6,-0.5,3.5,-2.2
"20180115",2.8,-10.5,9.2,-0.3,4.4,0.5
"20180116",4.6,-9.4,8.9,-2.2,2.2,-0.4
"20180117",5.6,-13.2,14.2,-0.5,4.3,-2.8
"20180118",3.5,-16.1,15.4,-1.3,3.8,-1
"20180119",2.7,-18.4,14.9,-5.2,7.5,-7.9
"20180120",1.1,-13.3,10.9,-5.7,7.7,-10.5
"20180121",0.7,-15.7,10.9,-7.6,4.6,-10.2
"20180122",0.2,-17.8,11.1,-8.9,2,-9.6
"20180123",-0.3,-16.4,10.2,-11.9,-1,-11.2
"20180124",-1.1,-15.5,9.8,-14,-0.6,-14.7
"20180125",-4.1,-15,8.3,-14.4,-3.7,-15.8
"20180126",-3.2,-13.1,5.4,-9.6,-7.1,-15
"20180127",1.1,-12,5.2,-7.5,-4.1,-14.7
"20180128",0.3,-15.6,5.5,-7.9,-1.6,-12.2
"20180129",-2.6,-20,6.6,-10,-1.8,-14.8
"20180130",-1.6,-20.8,13.6,-11.5,-1.3,-19.5
"20180131",-0.7,-17.9,12.2,-9.7,-1.2,-17.4
"20180201",2.3,-12.7,12.5,-5.1,-2.5,-15.2
"20180202",2.8,-8.6,10.5,-2.7,-0.7,-12.2
"20180203",1.1,-7.6,11.8,-3,-0.3,-10.2
"20180204",2.1,-3.9,11,-3.6,-0.8,-6.8
"20180205",1.7,-3.6,10.9,-1.2,0,-4.1
"20180206",6.1,-5.9,11.5,1.4,1.6,-3.8
"20180207",7.3,-5.6,10,2.3,2,-0.9
"20180208",5.6,-1.4,13.3,4.5,6.4,-0.2
"20180209",5.1,-0.1,13,3.6,3.8,0.8
"20180210",3.3,-3.5,11.7,3.1,5,0.9
"20180211",4.4,-4.5,13,3.7,6.9,2.5
"20180212",3.7,0,10.3,1.2,4.4,0.8
"20180213",5.2,1.5,9.6,0.3,3.7,3
"20180214",4.9,2.7,13.3,2.9,6.7,1.9
"20180215",8.3,2.2,11.9,3,5.8,1.4
"20180216",5.9,1.6,14.5,4.8,6.8,1.2
"20180217",4.5,1.3,15.5,3.7,6.6,2.8
"20180218",4.2,1.6,16.1,4.4,3.6,3.7
"20180219",6.1,0.3,16.3,3.9,6,3.9
"20180220",7,-0.7,13.2,4.8,8.2,4
"20180221",6.3,-3.2,10.5,4.2,6.9,5.4
"20180222",4.5,-1.9,12.3,4.3,7.3,3.3
"20180223",5.2,1.7,7.7,3.2,7.3,2.1
"20180224",5.7,1.9,8.8,2.2,5.5,1
"20180225",6.8,0.9,9,1.5,6.5,0.1
"20180226",7,-1.1,10.3,1.2,4.2,0.9
"20180227",5.6,-0.9,11.8,3,5.3,0.3
"20180228",5.1,-0.8,9.8,1.5,6.6,0.2
"20180301",4.6,-1.3,10.6,3.4,7,1.1
"20180302",4.4,-1.9,8,2.4,7.4,1.6
"20180303",5,0.7,8.8,5.1,5.9,0.9
"20180304",5.2,-0.5,10,2.8,7,1.7
"20180305",5.1,1.6,10.1,3.9,7.9,3.1
"20180306",4.1,1.4,11.8,5,7.8,3.2
"20180307",5.5,2.4,12.6,4.9,5.7,5.2
"20180308",7.2,4.9,11.4,5.4,7.6,3.6
"20180309",9.3,4.5,12.5,4.1,7.6,5.4
"20180310",9.1,7.4,11.4,6.8,6.5,6.9
"20180311",7.6,6,11,6.5,8.6,9.3
"20180312",7.8,4.2,11.3,5.3,10.7,6.5
"20180313",8.2,5.2,10.1,7.3,8.3,8.4
"20180314",7.7,5.4,11.2,8.6,10.6,10.6
"20180315",7.8,5.2,11.7,5.7,10.9,8.5
"20180316",9.3,1.6,11.3,2.9,10.4,3.1
"20180317",10,-1.8,12.1,7.3,14.2,1.7
"20180318",9.6,-3.1,11.8,8.4,14.6,4.8
"20180319",10,-4,13.4,8.3,12.1,7.8
"20180320",12.6,-5.9,12.3,9.9,14.9,8.2
"20180321",12.5,0,13,14.9,13.9,9.2
"20180322",8.3,8.3,14.8,14.3,13.6,13.1
"20180323",5.2,9,14.4,9.7,8.2,9.7
"20180324",3.7,12.3,10.1,8.1,5.8,11.6
"20180325",3.5,11.5,8,4.7,6.5,12.8
"20180326",4.6,6,10.8,6.2,7.6,13.5
"20180327",7.3,4.4,10.4,6.7,9.7,10.4
"20180328",7.7,0.8,11.6,10.9,11.7,7.7
"20180329",10,-2.1,12.2,8.8,11.8,3.8
"20180330",11.2,3.4,13,8.3,12.2,7
"20180331",10.7,0.6,12.1,9.4,13.1,10.6
"20180401",11.7,-2.2,12.2,5.1,13.5,2.4
"20180402",13.3,-2.7,13.5,5.3,12.9,2.2
"20180403",13.9,0,13.9,8.6,13.6,6.2
"20180404",12,0.3,15.6,7.4,13.1,8.7
"20180405",11,-0.3,13.1,7.4,13.3,3.6
"20180406",12.8,5.6,15.6,5.6,13.6,6.2
"20180407",15.3,4.7,16.7,11.7,15.3,8.3
"20180408",11.6,3.1,15.8,15.5,15.2,12.7
"20180409",8.4,1.6,16,8.3,10.9,13.9
"20180410",9.7,0.2,13.9,6.9,8.5,6.4
"20180411",10.5,2.8,13.4,6.5,8.7,4.4
"20180412",10.8,5.9,14.8,6.6,9.8,3.6
"20180413",11.1,8.6,15,8.7,10.7,5.4
"20180414",7.9,5.1,15.1,7.2,9.9,7.8
"20180415",5.6,9.2,13.5,6.5,5.9,8.4
"20180416",6.4,8.3,11.4,5.9,7.6,8.3
"20180417",8.6,7.3,11.7,7.5,8.8,10.9
"20180418",6.7,8.6,12.5,11.2,11.3,15
"20180419",9,11.1,14.3,16.5,12.2,14
"20180420",13.2,13,13.5,13.1,11.9,15.6
"20180421",12.1,15.9,14.8,13.8,13.4,13.1
"20180422",12.8,16.7,15.9,16.2,14,14.3
"20180423",13.6,12.2,17.3,16.7,16.1,15.5
"20180424",13.6,4.4,16.6,15.6,16.5,13.9
"20180425",15.6,9.6,16.6,15,15.2,11.8
"20180426",15.2,6.6,16.4,13.1,14.7,13.5
"20180427",12.9,11.5,15.5,14.6,16,15
"20180428",12.4,14.1,15,12.7,15.4,15.3
"20180429",13.4,14,14.2,15.2,15.2,15.7
"20180430",13.7,15.7,15.3,15.3,16.6,17.1
"20180501",12.5,15.5,15.3,13.7,15.8,15.9
"20180502",9,12.3,14.3,6.8,15.5,15.8
"20180503",7.2,5.4,13.3,5.5,9.5,11.8
"20180504",7.4,7,14.8,7.3,10.5,12.2
"20180505",10.3,5.3,14.7,7.2,10.1,7.7
"20180506",14,5.1,15.9,10.7,14.2,7.1
"20180507",13,6.8,15.6,15,14,11.8
"20180508",12.5,15.5,16.4,14.4,15.5,14.4
"20180509",13.7,16.7,17.3,15.2,16.5,15.2
"20180510",12.3,13.2,17.5,12.9,17.6,12.1
"20180511",11.1,12.9,19,14.2,12.7,15.2
"20180512",10.1,16.5,18.8,12.1,12.9,14.2
"20180513",9.4,17,16.4,11.7,11.7,13.8
"20180514",8.9,14.8,15.1,12.2,12,16.3
"20180515",9.1,16,15.8,14.2,9.4,15
"20180516",11.6,15.7,15.7,11.1,9.5,18.8
"20180517",12.4,15,17.4,13.3,9.9,18.5
"20180518",13,19.7,16.5,15.4,12.5,17.6
"20180519",15.7,22.1,17.2,17.1,15.7,20.9
"20180520",19.1,22.6,18,19.2,18.1,18.8
"20180521",20.9,22.8,19.8,20.6,19.9,18.4
"20180522",21.2,21.6,20,22.3,22.4,21.8
"20180523",15.9,20.8,19.2,23.1,22.5,22.8
"20180524",14.9,22.1,19.8,23,19.5,23.4
"20180525",16.4,23.3,19.6,20.4,20.7,22.1
"20180526",17.1,23,18.7,18.7,19.6,23.4
"20180527",14.6,19.6,18,20.1,17.4,23
"20180528",12.3,16,17.7,14.6,14.8,22
"20180529",10.8,13.8,18.2,9.5,12.8,20.3
"20180530",11.1,17.9,18.1,11.3,11.7,17.6
"20180531",13.1,20.9,17.8,15.9,15,16.1
"20180601",13.1,21.1,18,14.9,16.6,17.6
"20180602",14.5,22.3,18.4,12.5,16.5,18.6
"20180603",15.2,22.3,19.2,13.4,16.1,19.4
"20180604",16.2,22.5,19.3,14.8,17.4,18.2
"20180605",14.5,23.4,20.4,18.5,17,19.2
"20180606",17.6,23.6,20.4,16,18.9,23.8
"20180607",21.8,21.2,21.7,17.9,21,23.5
"20180608",23.9,22,23.7,22.4,23.3,23.3
"20180609",24.1,17.3,24.9,22.9,24.6,22.3
"20180610",24,15,24.2,22.9,25.7,21.2
"20180611",20.8,16.2,24.9,21.2,25.7,17.8
"20180612",19,15.2,25.3,19.2,24.3,20.1
"20180613",17.1,14,24.7,14.7,21.8,18.6
"20180614",14.9,14.7,22.7,13.4,18.2,14.9
"20180615",15.7,12.4,19.2,12.4,17.1,15.1
"20180616",15,11.6,19.6,15.1,18,15.1
"20180617",15.9,12.9,20.6,15.9,19.7,17.7
"20180618",16.7,9.6,20.8,16.8,20.3,15.8
"20180619",15.1,12.9,20.9,18,20.4,17.7
"20180620",14.1,17.2,21.6,15,16.9,19
"20180621",14.5,16.7,22.1,13.9,16.9,17.8
"20180622",15.5,13.9,22.6,13.6,19.8,15.6
"20180623",15.3,11.9,22.7,14.2,21,15.8
"20180624",15.6,12.1,24.5,13.8,18.2,17.4
"20180625",13.9,13.3,24.8,14.9,16.8,17.1
"20180626",14.5,12.7,22.4,14.5,16.3,12.8
"20180627",17.5,12.5,23.5,16.6,19,14.5
"20180628",17.6,9.4,23.3,17.5,22.6,16
"20180629",15.3,14,23.7,19.6,20.3,18.7
"20180630",14.4,20.5,23.9,15.8,15,20.9
"20180701",14.9,23.6,22.3,15.8,18.2,21.5
"20180702",15.6,21.3,21.6,16.9,17.6,18.8
"20180703",18.7,17.9,22.1,17.6,19.8,19.5
"20180704",22.2,18.7,25.1,20.3,21.8,18.6
"20180705",20.6,19.4,24.9,21.8,20.3,20.8
"20180706",23.3,20.6,24.3,22.8,24.9,22.5
"20180707",20.1,20.9,24.3,22.8,25.2,23.3
"20180708",16.6,20.8,23.8,25.1,24,23.2
"20180709",15.2,20.5,22.5,23.5,17.1,21.4
"20180710",16.7,14.8,21.4,19.7,17.3,18.4
"20180711",18.7,13,20.2,17.6,15.7,19.8
"20180712",17.3,19.7,21.9,15.2,20.2,21.3
"20180713",17.2,21.8,21.2,18.4,20,21.6
"20180714",19,23.5,21.5,22,21.8,22.9
"20180715",19.8,23.7,21.4,22.6,23.8,23.3
"20180716",20.5,24.1,24.6,23,24.5,23.9
"20180717",21.7,22.6,24.6,22.9,24.7,25.4
"20180718",23.6,20.3,25,23.3,24.7,23.3
"20180719",25.3,20.4,25.8,23.3,25.2,20.5
"20180720",24.3,21.2,26,19.4,26.6,22.5
"20180721",20.7,20,24.6,22.1,23.6,20.1
"20180722",21.7,18.6,21.6,22.3,20.3,19.1
"20180723",21.8,20,23.2,20.4,21.7,20.1
"20180724",19.3,20.7,24,21.1,21.1,22.4
"20180725",19,20.1,24,20.2,21.4,23.6
"20180726",20.1,21.6,23.9,23.8,22.5,23.6
"20180727",20.8,20.9,23,24.1,22,24.5
"20180728",21.1,24.5,24.1,23.9,21.4,24.4
"20180729",20.4,24.9,24.1,24.2,21.7,23.2
"20180730",19.3,26.5,21.1,23.4,21.5,24.6
"20180731",19.4,25.6,22.4,24.2,20.3,25.5
"20180801",20.6,25.5,24.1,21,20.8,26.3
"20180802",21.5,24.4,25.3,24.8,23.9,27.5
"20180803",20.4,24.6,24,25.3,22.6,28
"20180804",19,23.5,24.1,24.3,21.3,27.6
"20180805",17.9,23.9,24.3,21.8,21.2,25
"20180806",18.4,24.3,25.5,20.1,21.3,24.1
"20180807",18.7,20.7,24.6,21.2,21.9,23.4
"20180808",20.2,18.5,24.6,19,23.6,24.5
"20180809",20.8,21.6,24.5,21.2,23.8,22.7
"20180810",20.7,22.9,24.6,23.5,24.2,23.3
"20180811",18,21.9,24.9,22.7,22.3,24.4
"20180812",17,24.7,25.6,18.9,17.2,25.7
"20180813",16,20.1,26.4,18.8,17.9,23.1
"20180814",15.7,20.5,25.1,18.6,17.8,27.2
"20180815",14.6,21.5,23.3,18.5,18.7,22.8
"20180816",14.4,17.2,22.3,15.2,16.3,20.1
"20180817",15.8,16.5,22.3,15,17.7,17.1
"20180818",15.1,17.3,22.3,18.7,19.5,18.5
"20180819",14,18.8,22.8,16.1,18,20.5
"20180820",13.2,20.9,26,15.6,16.1,21.8
"20180821",13.8,20.6,25.1,12.6,16.2,22
"20180822",14.7,17,23.5,14.9,17.3,15.6
"20180823",13.5,14.8,23.3,17,17.3,17.3
"20180824",12.3,17.9,22.4,13.5,15.3,16.4
"20180825",12.8,16.1,22.6,12.9,15.9,15.4
"20180826",13.9,15,22.7,12.3,16.8,15.7
"20180827",14.4,12.3,24.6,12.5,16,16
"20180828",16.4,14,24.9,14,16.6,14.3
"20180829",17.8,13.6,24.7,16.3,17.7,15.2
"20180830",17.1,11.6,24.4,17.9,17,17.7
"20180831",14.5,11.4,23.9,18.6,17.5,18.3
"20180901",14,13.2,21.7,14.8,13.8,20.1
"20180902",14.7,14.2,22.7,15.1,14.2,21
"20180903",15,11.7,21.5,15.8,16.5,19.7
"20180904",16.8,13.1,21.8,15.8,19.6,15.7
"20180905",18.8,14.4,22.2,15.1,20.1,15.9
"20180906",18.9,14.9,20.8,16.3,18.8,17.4
"20180907",18.1,15.5,22.1,18,18.2,19.1
"20180908",17.2,15.7,22.8,18.6,18.4,19.9
"20180909",15.6,15.5,22.1,17.2,19.6,19.6
"20180910",14.4,15,22.1,14.6,18.3,18.9
"20180911",13.2,17,22,15.5,14.5,18.8
"20180912",14,16.4,22.7,20.4,14.5,18.9
"20180913",15.5,16.7,19.6,20.4,14.5,19.6
"20180914",16,9.6,21.8,20.5,16.5,19.9
"20180915",16.9,11.2,20.8,17.6,17.1,13
"20180916",17.5,10.8,22,14.4,16.6,13.7
"20180917",17.6,8.2,21.2,14.7,17.1,15
"20180918",17.7,9.2,23.7,16,17.4,13.1
"20180919",18.1,12.3,24.3,15.9,16.8,13
"20180920",17.5,12.4,26.1,16.3,19.5,13.3
"20180921",15.1,11.7,24.7,14.8,19.6,12.4
"20180922",11.2,12.6,24.2,13.1,13.7,12.3
"20180923",10.1,14.2,22.1,9.2,11.3,11.8
"20180924",11.2,8.9,20.2,8.2,11.9,7.1
"20180925",12.7,6.1,19.7,11,13,7.6
"20180926",13.9,8.4,19.8,11,13.4,10
"20180927",14.2,9.5,19.5,13.2,15,11.7
"20180928",14.4,10.2,19.8,11.7,13.7,12.3
"20180929",16.7,11.4,19.5,13.3,13.9,13.3
"20180930",16.4,9.9,19.4,15,14.1,13.9
"20181001",15.4,5.2,20.5,13.1,15.2,10.4
"20181002",14.8,5.5,19.4,12.4,15.9,8
"20181003",14.4,6.7,19.2,10.6,14.7,8.1
"20181004",12.9,6.4,19.6,9.4,12.6,9.2
"20181005",12.1,4.3,19.1,9.3,13.7,10.3
"20181006",12.6,4.6,19.3,9.5,13.3,8.3
"20181007",13.4,1.4,19.5,12,13.6,6.8
"20181008",14.3,3.4,21,13.4,15.1,7.1
"20181009",16.8,8.2,20.9,16.6,16.4,10.3
"20181010",14.8,12.6,21.4,16.2,14.8,11.5
"20181011",14.5,13.5,20.1,16,13.9,13.3
"20181012",13.5,10.7,21.5,13.9,16.7,13.4
"20181013",14.4,13.5,22.2,13.9,15,15.9
"20181014",14.3,9.2,23.9,15.4,16.3,13.8
"20181015",13.4,7.7,24.1,13.8,13.5,15.2
"20181016",13.6,3.3,23,11.2,15.5,13.9
"20181017",13.6,0.4,21.9,10.9,14.4,11.6
"20181018",13.5,-2.3,21.1,8.7,14.9,4.2
"20181019",16,-1.6,20.8,12.9,12.3,3.1
"20181020",14.7,1.1,18.1,14.7,15.6,11.1
"20181021",11.7,0.6,20.1,11.1,15.1,11.8
"20181022",7.9,-6,18.3,10.6,8.3,9.3
"20181023",9.1,-8.1,12.6,3.6,8.5,1.6
"20181024",9,-4.1,16.2,0.7,8.5,-2.4
"20181025",9.3,-5.3,16,0.5,6.8,-2.2
"20181026",11,-1.2,14.3,1.8,7.8,-0.6
"20181027",9.1,3.2,14.6,3.1,6.1,1.1
"20181028",6.8,6.5,14.5,3.9,4.6,1.9
"20181029",7.1,7.3,14.7,3.4,5.6,3
"20181030",9.2,3.7,14.8,3.7,7.4,4.4
"20181031",11.4,2.5,14.9,5.1,8.2,4.4
"20181101",11.8,1.3,12.6,4.5,9.1,3.2
"20181102",11.3,-1.7,12.6,5.8,6.6,-0.4
"20181103",12.2,-0.4,14.8,8,7.2,0.9
"20181104",10.4,2.1,18.4,8.6,12.1,5.6
"20181105",8.5,3.2,21.1,12.2,15.4,7.4
"20181106",6.9,5.1,16.2,13.8,11.9,7.2
"20181107",6.3,5.8,16.5,10.4,10.6,4.7
"20181108",8.2,7.4,17.2,8.5,9.7,10
"20181109",6.9,4.2,17.6,9.1,11,10.4
"20181110",7.2,2.8,17.1,10.5,12.2,8.1
"20181111",7.7,4.6,17.6,10.1,12.8,5.6
"20181112",8.6,5.4,16.2,7.4,11.4,5.1
"20181113",9.1,5,14.9,8.8,11,4.8
"20181114",9.7,2.3,13.5,7.4,11.4,3.5
"20181115",8.9,0.1,15.3,5.5,11.7,3.3
"20181116",8.2,-3.8,16.1,4.6,9.3,4.3
"20181117",7,-4.8,16.3,5.1,8.7,1.1
"20181118",6.9,-3.6,16.8,2.5,8.1,-1.8
"20181119",5.9,-7.6,16,1.7,7.9,-0.7
"20181120",4.7,-8.3,11,1.3,7.5,0.5
"20181121",4.5,-7,11.1,1.7,6.1,0.9
"20181122",5.1,-3,12.6,3,5.3,-1.6
"20181123",6.2,-3,13.9,2.1,5.8,-2.3
"20181124",7.1,-1.9,14.1,1.4,4.3,-4.2
"20181125",4,-3.7,13.9,2.4,4.3,-4.6
"20181126",3.5,-6.4,15,2.2,3.7,-5.1
"20181127",3.6,-6.8,15.8,-0.9,2.7,-5
"20181128",2.6,-8.9,15.6,-3.2,1.4,-4
"20181129",1.6,-10,18,-5,2.2,-3.7
"20181130",1.1,-9.6,20.8,-6.7,2.5,-4.3
"20181201",0.3,-6.7,18.4,-3.9,2.1,-7
"20181202",-0.2,-8.7,14.1,-3.7,2.1,-8.4
"20181203",-0.3,-6.3,14.7,-1.9,4,-8.2
"20181204",1.8,-4.9,12.7,-0.2,5.7,-7.8
"20181205",2.7,-1.3,12.2,-2.3,5.8,-8.7
"20181206",3.3,-4,13.9,-0.4,5.6,-5.9
"20181207",3.1,-4.1,11.6,1.2,5,-6.1
"20181208",2.6,7.4,9.3,2,4.7,-5
"20181209",0.7,-0.7,9.2,-0.8,2.4,-1.3
"20181210",2.2,-2,9.8,-3,1.5,-0.2
"20181211",4.3,-0.8,7.9,0.5,6,0.3
"20181212",7.1,-1.7,7.4,4.2,6.8,0.6
"20181213",5.4,1.1,12.6,6.7,3.7,2.3
"20181214",4,2.4,13.8,3.4,2.7,1.5
"20181215",4.9,0.2,13.9,5.1,3.7,0.3
"20181216",4.7,1.8,12.3,4.6,2.9,-1.1
"20181217",3.7,2,11.1,2.6,5.7,3
"20181218",9.7,1.2,11,4.3,9.2,0.2
"20181219",9.8,0.8,9.8,10.1,13.5,3.7
"20181220",5,3.4,10.8,5.3,8.4,5.6
"20181221",5.2,1.7,10.2,3.9,6.2,2.5
"20181222",8.3,-1.1,8.3,6.7,8.2,2
"20181223",8.9,-0.2,10.2,8.7,10.2,6.6
"20181224",6.9,-5.3,11.9,7.5,7.5,6.2
"20181225",4.1,-8.5,12,3.8,6.9,5.5
"20181226",0.1,-11,10.6,-4.5,2.9,-3.3
"20181227",-1.8,-8.7,7.9,-7.5,-1.5,-7.1
"20181228",-4.7,-10.2,6.8,-7.5,-3.4,-7.5
"20181229",-2.9,-14.5,4.5,-6.3,-5.1,-7.6
"20181230",-0.1,-15.6,2.5,-8.8,-4.6,-9.3
"20181231",1.7,-11.7,1.1,-3.5,-4.9,-10.9
"20190101",1.1,-1.6,5.1,1.6,1.1,-2.5
"20190102",3.6,1.2,6.1,4,4.3,1.4
"20190103",2.8,2,9.1,3.2,4.2,2.6
"20190104",2.5,0.3,12.1,1.9,2.8,0.9
"20190105",1.4,-10.2,8.4,-0.1,1.8,-0.8
"20190106",0.5,-18.5,7,-7.4,0.8,-9.6
"20190107",2.3,-18.1,9,-8.4,-2.6,-13.1
"20190108",4.7,-12,10,-1.2,-1.9,-12.9
"20190109",7.4,-8.2,10.1,3.6,8,-5
"20190110",10.9,-4.1,11,6,13.9,1.5
"20190111",3.8,-0.7,12.7,3.7,5.6,3
"20190112",5.8,-0.2,9.7,4.1,5.4,1.5
"20190113",8.3,-0.9,7,7.2,4.9,4.2
"20190114",4.9,2.4,10.6,6.6,3.4,4.4
"20190115",5.6,1.9,9.7,2.3,4.2,1.4
"20190116",5.7,0,11.1,5.3,3.5,-1.6
"20190117",2.7,0.1,13.8,3.7,4.6,-0.3
"20190118",0.7,0.5,9.9,2.2,4.1,0.9
"20190119",-0.3,-0.1,7.4,-1,2.8,0.4
"20190120",-0.1,-4.5,10.3,0.4,2.8,0.2
"20190121",-0.9,-13.3,10.7,2.4,3.1,0.4
"20190122",-0.2,-12,10,1.6,5.9,0.2
"20190123",-0.5,-5.5,11,0.7,4.4,1.4
"20190124",-0.6,-1.3,10.9,0,2.6,0.1
"20190125",0.7,-7.3,8.9,-0.8,1.3,-3
"20190126",1.7,-9.8,8.4,-0.8,1.3,-2.2
"20190127",2.3,-6.8,5.8,-0.6,1.3,-1.2
"20190128",2.8,-4.2,6.4,0.9,2.3,-1.9
"20190129",1.9,-2.3,6.2,0.3,1.9,-0.5
"20190130",0.7,-2,11.8,0.9,1.7,2.1
"20190131",0.4,-0.6,9.1,0.2,1.3,5.7
"20190201",0,0.9,6.5,-0.1,-0.2,0.9
"20190202",0.5,-2,5.9,-1.8,1.7,1.3
"20190203",-1,-3.9,7.1,-0.6,1.3,1.5
"20190204",-2.5,-4.6,11,-1.1,0,0.4
"20190205",-2.2,-5.7,10.1,-1.6,-1.2,-0.6
"20190206",-2.8,-8.7,7.1,-2.6,-1.4,-3.8
"20190207",-2,-4.8,7.2,-1.6,-1.1,-3.9
"20190208",0.5,-2.1,6,-1.1,-0.5,-1.4
"20190209",2.3,-5.3,5.1,-0.8,-0.3,-4.2
"20190210",3.3,-8.2,6.7,1.6,3.9,-6.5
"20190211",1.9,-2.6,9.4,2,3.2,-4.9
"20190212",-0.1,0.4,9.2,1.7,3.8,-1.6
"20190213",0.6,0,9.5,1.1,2.3,-0.8
"20190214",1.5,-2.2,9.8,1.7,2.8,-2.9
"20190215",0.5,-4,10.8,-1.3,4.6,-3
"20190216",0.7,-8.1,11.3,-1.1,4.1,-6.4
"20190217",0.3,-6.4,12.4,-2.3,1.9,-5.8
"20190218",1.6,-3.9,9.6,-1,1.2,-3.6
"20190219",0.5,-2.2,7.9,2.7,1.7,0.4
"20190220",3.8,1.3,7.8,3.1,2.4,1.5
"20190221",4,1.4,8.7,1.9,4.2,2.2
"20190222",2.3,2.1,11.4,2.8,3.1,2.3
"20190223",2,1.6,11.8,4.2,4.9,3.4
"20190224",3.5,2.5,11.2,5.2,5.1,3.4
"20190225",3.1,1,11.6,5.4,5.2,3.3
"20190226",3.4,0.9,11.3,5.7,4.9,2
"20190227",2.9,0.1,9.8,5.4,5.2,3
"20190228",2.7,1.9,9.2,4.5,5.5,4
"20190301",5,0.6,9.2,3.7,4.4,4.9
"20190302",5.2,0.2,13.2,5.2,7.4,2.5
"20190303",4.3,0.1,12.5,2.2,5.4,3.1
"20190304",3.2,0.7,11.8,1.7,4.8,3.4
"20190305",3.5,0.5,8.9,1.2,4.8,2.8
"20190306",4,0.3,8.8,-0.2,4.5,1.7
"20190307",5.4,0.8,8.1,4.4,6,2.4
"20190308",8.1,1.4,9.7,8.2,5.1,4.9
"20190309",7.3,6.3,9.8,8.2,6.6,8.3
"20190310",6.2,6.1,8.5,6.4,6.7,9.2
"20190311",4.5,6.7,9.4,4.4,5.9,7.7
"20190312",3,3.1,9.8,4.9,5,7.9
"20190313",2.6,2.1,9.1,3.3,4.4,3.5
"20190314",3.1,2.5,9.7,4.3,4,4.1
"20190315",4.5,3.8,10.5,6.4,5.9,4.9
"20190316",7.4,4,11.1,7.2,8.8,5.5
"20190317",9.6,3.7,12.4,7,8.2,3.8
"20190318",9.1,4.1,11.8,5.4,7.1,3.3
"20190319",7.1,4.6,11.4,4.4,5.9,4.5
"20190320",5.1,4.8,11.4,4.7,5.2,5.5
"20190321",4,2,10.9,7.2,7.5,6.8
"20190322",3,-3.5,11.3,0.1,7,3
"20190323",4.6,-3,12.2,1.9,5.2,-0.2
"20190324",6.5,3.2,14.3,7.5,10.3,5.6
"20190325",8.9,4.2,13.3,10.3,10.8,8
"20190326",6.4,0.3,15.1,12.5,11.5,7.7
"20190327",6.4,1.3,12.4,10.6,8.4,10.7
"20190328",7.4,0.1,14.4,6.3,7.7,10.4
"20190329",9.7,0.3,11.8,8.4,9.6,0.7
"20190330",6.4,-0.5,14.2,7.6,9.1,4.1
"20190331",7.3,0.5,14.9,4.7,8.8,6.3
"20190401",3.8,0.3,14,3.9,5.3,6.4
"20190402",3.5,3,12.8,2.4,4.7,4
"20190403",4.7,0.9,13,2.1,5.8,4
"20190404",3.6,2.7,12.3,2.1,6,3.8
"20190405",3.6,2.1,10.5,2.3,4.8,2.9
"20190406",3.8,2.3,10.7,3.1,4.7,4.4
"20190407",5.1,3.7,8.8,4.5,6.6,5.5
"20190408",7.3,5.1,10.8,7.7,8.3,7
"20190409",10.2,4.6,12.8,7.2,10.3,8.2
"20190410",12.7,6.8,12.7,10,11.9,11.6
"20190411",12.6,9.9,11.4,13.3,13.4,14.8
"20190412",11.1,12,12.3,11.3,14.8,16.8
"20190413",9.9,9.1,13.9,7.8,13.3,11.4
"20190414",11,5.9,14,6.6,12,6.9
"20190415",15.3,4.4,14.5,11.6,18,6.3
"20190416",12.6,3.7,14.7,11.5,18.8,13.9
"20190417",9,4.5,16.2,7.2,13.2,11.4
"20190418",6.9,3.6,15.3,4.4,8.2,8.2
"20190419",8.5,-0.4,14.1,5.2,8.8,5.1
"20190420",10.6,0.1,14.5,8.5,12.8,3.5
"20190421",11.9,4,14.4,8.5,15.1,4.2
"20190422",9.1,5.6,15.2,10,14.7,6.4
"20190423",8.7,6.9,15.5,12,13.1,11.9
"20190424",12.1,6.7,17.5,14,14.2,16.2
"20190425",12.9,6,15.3,15.7,16.2,15.2
"20190426",13.9,9.6,16.2,14.1,17.5,17.5
"20190427",11.3,12.8,15.3,16.3,18.1,18.3
"20190428",6.9,16.7,16,15.4,12.2,18.2
"20190429",8.6,18.3,15.9,8.1,10.5,15.2
"20190430",9.9,12,16.6,9.9,10.6,11.4
"20190501",8.4,10,16,10.2,11.7,13.9
"20190502",9.6,14.2,17.9,9.3,12.1,15
"20190503",12.9,10.7,17.6,11.6,11.5,11.4
"20190504",16.8,9.4,19.5,12.8,17.4,11.7
"20190505",17.8,10.3,22,17.3,20.2,12.1
"20190506",13.9,10.7,20.4,15.6,17.3,15.3
"20190507",11.9,11.3,20.4,14.6,16.2,11.7
"20190508",14,11.8,18.1,12.9,17.2,11.5
"20190509",14.8,13.9,17.4,15.1,16.8,13.5
"20190510",13.2,14.8,21.8,12.6,17.1,15.9
"20190511",16.1,15.1,19.3,10.9,14.2,16.7
"20190512",18.3,16.2,19.2,15,17.1,16.8
"20190513",14.5,17.6,18.8,13.8,18,16.7
"20190514",12.2,14.1,19.8,11.7,16.6,13.2
"20190515",11.8,11.2,20.2,11,13.8,12.4
"20190516",11.4,8,17,12.2,17.6,11.4
"20190517",12,9.2,22.9,11.6,16.6,13.3
"20190518",14.6,8.8,22.3,12.6,17.2,12.4
"20190519",13.1,8.8,20.2,16.9,17.4,15.9
"20190520",10.4,13.7,19.1,16.5,13.7,20.2
"20190521",10.4,18.6,17.3,12.5,11.6,22.2
"20190522",12.7,19.1,14.8,13.6,13.3,22.4
"20190523",13.8,13.8,16.3,12.5,11.5,22.4
"20190524",14.2,14.3,16.5,14.6,12.3,22.1
"20190525",13.3,15,17.2,15.2,15.9,20
"20190526",10.9,20.1,17.4,13.9,13.9,22.3
"20190527",10.5,23.2,17.4,10.7,12.2,20.1
"20190528",13.3,19.6,18.4,11.5,13.4,14.5
"20190529",14.2,19.5,18.2,14.5,16.8,13.6
"20190530",12,20.6,19.1,17.2,18.4,15.9
"20190531",14.7,18.7,18.8,14.7,18.2,19.7
"20190601",14.4,16.9,19.9,19.5,20.9,19.4
"20190602",17.5,17.7,20.9,21.8,22.5,20.5
"20190603",18.3,21.8,21,23.4,25,24
"20190604",17.5,19,22.4,16.9,23.1,23.1
"20190605",22.4,13,23.9,17.7,21.4,17.6
"20190606",21.7,14.6,24.2,20.9,23.4,19.4
"20190607",17.7,20.3,22.9,20.4,24.2,22.1
"20190608",14.1,18.9,24.1,17.3,23.6,24.2
"20190609",12.8,16.6,22.8,14.8,20.2,22.1
"20190610",15.5,14.8,22.8,16.6,19.2,20.8
"20190611",18,15.5,23.4,18.4,21.5,20.5
"20190612",20.5,15.8,23.6,20.5,25.6,21
"20190613",20,20.2,25.3,22.8,23.2,23.1
"20190614",18.1,24.1,23.6,21.7,22.4,24.8
"20190615",15.3,21.5,21.6,17.7,19.2,24.2
"20190616",13.8,14.9,22.9,13.7,18.4,20
"20190617",14.7,15.2,21.5,15.6,15.8,18.1
"20190618",14.9,14.8,21.3,15.1,17.7,17.6
"20190619",12.3,17,20.8,14.7,15.9,18.2
"20190620",12,18.3,21.5,13.5,13.5,19.1
"20190621",13.9,17.7,21.3,15.1,14.3,19.3
"20190622",13.3,20.6,20.5,16.5,17.4,16.4
"20190623",12.1,19.5,23.1,13.9,15,19.5
"20190624",13.6,20.5,23.8,15.2,15.7,22.1
"20190625",17,19.9,22.1,16.2,17.7,22.8
"20190626",19,20.7,22.5,17.5,20.8,18.3
"20190627",18,17.9,23.4,17.4,20.5,17.3
"20190628",17.3,14.6,23.8,19.9,19.9,18.1
"20190629",19.5,17.6,23.8,17.4,18.7,18.8
"20190630",20.8,17.5,24.3,19.6,21.2,20.3
"20190701",22.5,20.1,25.3,20.7,23.6,19.9
"20190702",26,20.3,25.3,21.4,25.2,18.9
"20190703",26.1,17.8,25.4,23.3,25.3,21.9
"20190704",28.1,24.3,27.2,24.3,26.2,21.9
"20190705",26.7,22.6,27.4,26.8,27.5,24.9
"20190706",21.4,16.5,26.9,24.3,27.4,26.9
"20190707",23.7,16.8,27.3,23.3,28.6,25.4
"20190708",18.2,19.3,27.1,20.7,23,26.7
"20190709",15,22.9,26.6,16.9,18.5,25.9
"20190710",15.1,19.4,26.5,13.4,18.6,19.6
"20190711",19.5,15,27.5,15.6,20,14.3
"20190712",18.7,14.6,26.3,18.2,24.2,16.5
"20190713",17.4,12.3,25.9,17.6,20.4,17.6
"20190714",19.4,15.7,25.5,18.1,20.5,18.2
"20190715",20.2,16,27.3,18.3,23.5,19
"20190716",22.3,17,28,19.4,25.4,19.2
"20190717",25,17.7,27.9,21.8,27.9,21.3
"20190718",22.5,16.5,26.7,24.7,28.6,19.9
"20190719",19.6,17.9,26.8,22.6,29.8,23.4
"20190720",20.6,16.4,27.6,19.3,25.6,25.6
"20190721",23.5,14.9,27.3,19.6,28.3,19.8
"20190722",23.4,17.6,27.9,23.5,30.4,24.3
"20190723",19.8,18.1,27.5,23.5,27,25.8
"20190724",21.5,19.4,26.8,22.7,27.6,26.2
"20190725",18.9,18.6,26.7,23.3,24.7,27.7
"20190726",16,21.3,27.3,17.4,20.2,27.6
"20190727",16.8,20.9,26,17.3,18.7,19
"20190728",16.8,20.4,26.5,17.7,20.7,18.8
"20190729",14.9,19.9,25.4,17.6,17.8,20.3
"20190730",14.7,19.4,26.6,16.6,19.8,20.2
"20190731",14.8,18.6,27.6,15.6,20.6,20.9
"20190801",17.6,16.4,27.5,16.3,21.5,19.7
"20190802",20,16.7,27,21.5,19.8,22
"20190803",23.3,18.2,26.7,25.1,23.1,22.6
"20190804",22.3,17.7,28,26.9,25.8,24
"20190805",20.4,17.9,27.2,26.8,27.2,25.2
"20190806",25.4,17.9,28.1,25.9,27.6,26.2
"20190807",26.2,21.6,29,28.6,29.2,23.9
"20190808",24,22,28.3,29.4,29.5,24.1
"20190809",22.3,24,27.4,27.2,28.6,25.5
"20190810",23.1,22.8,24.9,25.2,28,27.4
"20190811",22.7,20.4,23,26.9,27.8,28.2
"20190812",22.8,20.4,25.4,28,28.7,27.5
"20190813",24.2,22.3,28.3,24.9,28.8,27.4
"20190814",23.5,16.4,25.9,24,29.1,24.3
"20190815",20.5,16.5,25.4,25.1,26.9,22.2
"20190816",17.7,13.3,23.7,23.9,23.7,22.3
"20190817",16.5,12.8,22.6,23.3,18.6,19
"20190818",15.5,12.3,23.5,20.4,17.5,16.9
"20190819",15.4,14,22,18.1,16.9,15.6
"20190820",16.5,15.3,22.4,18.1,16.6,16.9
"20190821",17.9,16.5,23,19,19.5,17.5
"20190822",18.5,18,22.7,19.2,19.2,20.4
"20190823",18.8,17.5,22.7,21,18.9,21.6
"20190824",19.2,13.4,25.3,22.5,22.2,22.9
"20190825",16.7,15.6,24.3,18.7,18.9,21.6
"20190826",19.6,19.6,22.9,18.3,19.1,21.9
"20190827",20.5,18.1,23.5,21.2,21.6,21.1
"20190828",17.9,18.6,22.1,21.9,23.4,23.8
"20190829",19.8,17.8,22.5,19,25.7,24.1
"20190830",23.6,15.1,23.6,22,27,20.7
"20190831",24.8,14.6,25.5,25.9,26,23.4
"20190901",19.1,13.9,23.7,26.9,25.4,26.2
"20190902",15.3,14.2,24.1,19.6,19.6,29.1
"20190903",14.3,13.4,24.9,16.4,18,23.3
"20190904",13.9,13.6,23.6,14.5,18.2,22.1
"20190905",12.6,13.7,22.6,16,15.6,17.7
"20190906",12,13.8,21.5,12.8,14.5,14.9
"20190907",12.7,13.1,20.6,11.4,13.5,14
"20190908",13.4,11.5,20.9,12.2,14.5,12.1
"20190909",13.4,12,20.1,12.3,12.7,12.6
"20190910",12.4,10.7,20.9,15.1,14.8,14
"20190911",13,12.3,20,15.3,15.3,14.1
"20190912",16.3,11.7,20.4,13.6,17.4,14.5
"20190913",18,9.7,20.9,13.8,18.9,12.6
"20190914",16,9.8,23.6,16.3,18.5,14.6
"20190915",14.3,10.5,23.3,18.9,17.9,14
"20190916",15.9,13,25.7,20.8,20.3,17
"20190917",15.6,16.2,28.1,23.4,22.9,19.6
"20190918",14.1,20.2,23.6,18.9,18.6,22.4
"20190919",13.1,17.7,20.8,17,17.9,24.5
"20190920",12.4,15.5,20,14.4,16.3,22
"20190921",12.6,18.4,21.4,10.7,13.8,15.7
"20190922",12.9,13.8,19.7,11.2,15.1,16.5
"20190923",11.7,14.4,18.3,15.9,13.5,20.5
"20190924",12.7,17.2,17.9,18.2,13.5,23.2
"20190925",12.7,18.1,16.9,16.7,13.7,22.2
"20190926",12.2,17.9,17.6,13.4,14.1,21.4
"20190927",11.1,18.8,18.8,11.3,14,17
"20190928",10.3,12.7,19.3,10.6,13.8,12.9
"20190929",10.6,7.5,18.5,10.7,12.6,11.5
"20190930",10.3,9,16.7,10.8,10.9,11.1
"20191001",9.7,8.9,13.5,8.6,10.6,10.6
"20191002",10.6,12,17.4,9.6,12.7,12.2
"20191003",12.4,12.2,16,10.9,15.5,14.7
"20191004",12.1,9.4,16.8,14.2,13.5,15.4
"20191005",13.2,12.4,18.1,13.4,15.1,16.6
"20191006",15,5.6,18,12.1,14.3,15.5
"20191007",14.6,0.9,17.5,6.9,14.2,6.1
"20191008",12.4,1.1,15.4,4.9,13.6,3.8
"20191009",10.9,-0.3,17.9,3.4,13,3.1
"20191010",8.6,2.2,14.7,2.8,8.5,3.1
"20191011",6.3,2.5,16.5,2.5,6.6,3.2
"20191012",4.9,4.6,16.3,2.9,4,4.8
"20191013",4.8,3.7,19.5,4,4.9,5.6
"20191014",3.9,3.8,19.2,6.8,8.3,6.5
"20191015",4.9,5.5,17.1,7.8,11,5.2
"20191016",6.1,4.7,17,9.8,8.5,5
"20191017",6.5,5.8,15.6,9.6,8.2,7.1
"20191018",6.9,7.2,14.8,9.3,7.2,10.1
"20191019",6.9,5.5,17,8.1,8.1,10.6
"20191020",7.1,-0.3,16.3,8.1,8.6,8.1
"20191021",8.3,-0.7,14.8,7.8,9.2,4.1
"20191022",9.5,2.2,14.2,8.2,9.5,5.1
"20191023",10.2,2.3,15,9.2,10.8,6.8
"20191024",8.7,4.8,16.2,9.1,8.2,9.5
"20191025",10.1,5.7,12.7,5.7,9.6,8.9
"20191026",8.9,5.6,13.4,6.9,11,7.7
"20191027",7.4,5.1,16,3.2,10.9,5.7
"20191028",7.4,1.6,14.8,4.9,9.4,3.5
"20191029",9,0.7,14.6,5.8,9.7,1.5
"20191030",9.3,1.1,16.1,7.1,9.5,2.6
"20191031",8.5,-0.3,14.9,6.1,8.9,2.6
"20191101",7.2,5,15.2,6.4,8.9,5.9
"20191102",5.6,6.7,14.2,6,5.4,7.3
"20191103",4.5,8.6,13.4,4.5,5.2,6
"20191104",7.8,5.2,15,2.1,4.1,7.4
"20191105",11,5.7,17.2,2.8,5.8,3.5
"20191106",12.7,-0.3,15.2,1.1,6.8,3.9
"20191107",15.4,-1.9,15.1,4,12.2,5
"20191108",13.5,0.5,14.4,12.4,15.6,4.9
"20191109",14.5,1.2,13.9,8.5,14,8.6
"20191110",13.9,2.7,13.4,11.9,17.2,8.2
"20191111",11.7,1.6,13.4,13.8,16.2,9.2
"20191112",10.3,1.8,14.8,11.6,11.3,10.1
"20191113",9.9,2.2,14.9,7.6,8.6,9.1
"20191114",7.8,1,16.2,8.1,11.2,5.5
"20191115",11.4,-2.2,12.7,6,10.7,5.6
"20191116",11,-2,12.3,5.8,14,3.7
"20191117",12,-1.3,13.3,8.9,15.1,2.6
"20191118",12.6,-1.4,15.1,10.8,16,6.5
"20191119",11.5,1.9,13.6,10,15.5,9.4
"20191120",7.5,4.4,16.7,7.3,11,7.2
"20191121",3.4,5,17.3,4.5,5.3,4.4
"20191122",0.9,-0.3,10.7,2.7,3.5,4.3
"20191123",0.7,-1.7,10,1.2,1.9,3.7
"20191124",0.5,-0.7,9.5,-0.3,0.4,2
"20191125",2.8,-0.8,8.8,-1.9,0,-0.9
"20191126",3.3,-2.3,7.9,-2.1,2.1,-1.3
"20191127",1.2,-4.3,10.5,-2.8,3.7,-1.5
"20191128",2.2,-3.8,7.4,-1.2,3.6,-1.7
"20191129",6.6,-4.6,8.2,3,6.7,0.1
"20191130",7.8,-1.5,9.6,5.4,10.9,1.9
"20191201",8.1,0.8,12.5,3.4,9.8,1.3
"20191202",8.9,0.6,10,3.3,8.9,1.9
"20191203",6.2,-0.9,9.9,7.3,7.6,1.4
"20191204",5.9,0.6,10.9,7.2,5.3,-0.3
"20191205",5.7,3.1,10.1,7.6,6.8,4.7
"20191206",7.7,4.8,8.7,8.3,2.8,6.6
"20191207",8.7,5.6,11.7,8.8,2.3,6.6
"20191208",5.8,2.7,12,0.3,2.4,3.6
"20191209",5.5,0.4,10.2,2.9,3.9,-1.4
"20191210",2.4,0.3,9.9,3.9,4.7,0.7
"20191211",4.1,0.9,9.4,1.8,-0.9,1.7
"20191212",6,-0.6,7,4.7,8.5,1.7
"20191213",5.7,0,7.3,4.5,5.8,3
"20191214",3.4,-1,9.6,1.7,4.4,2.2
"20191215",5.1,-1.3,8.5,-0.2,4,-0.5
"20191216",7.2,-1.7,10.3,1,3.5,-2
"20191217",10.9,-5.5,8.1,4.3,3.5,-1.6
"20191218",10.2,-3.4,7.2,9.3,3.5,1.6
"20191219",8.9,2.1,8,9.7,4.1,5.3
"20191220",8.1,4.1,8,6.8,4,6.3
"20191221",9,8.4,8,5,3.5,6.5
"20191222",10.5,5.8,8.8,8.7,9.2,6.6
"20191223",9.4,5.1,8.8,11.9,7,7.7
"20191224",8.1,5,8.8,6,5.5,6.8
"20191225",9.3,1.8,8.8,5,3.4,1.7
"20191226",10.5,2.5,7.8,10.5,3.5,6.5
"20191227",8.1,-2.5,7.3,10.2,0.9,4.7
"20191228",5.8,-6.4,6.6,6.8,2,-1.7
"20191229",4.1,-8.6,5.8,-1.3,2.6,-5.8
"20191230",3.4,-6.7,5.6,-4.3,0.9,-8.3
"20191231",1.8,-10,7.4,-5.5,-3,-9.2
"20200101",3.1,-15.1,9,-9.1,-1.2,-11.3
"20200102",1,-16.2,10.8,-10.4,-2.2,-16.2
"20200103",-0.7,-14.3,11.9,-15,-5.3,-16.5
"20200104",-1.2,-17.1,12,-14,-6.5,-16.1
"20200105",-0.5,-16.4,11.4,-13.8,-6.3,-12.1
"20200106",-0.7,-13.9,10.1,-7.1,-3.2,-9.2
"20200107",0.4,-11.3,9.4,-5.3,-1.2,-6.3
"20200108",3.8,-11.8,12.6,-3.3,2.2,-5.4
"20200109",2.1,-13.1,15.1,0.7,0.9,-2.6
"20200110",4.3,-14.4,15.9,-1.8,1.7,-0.4
"20200111",4.1,-17.2,15.6,1,3.6,-3.5
"20200112",4.5,-11.6,13.8,0.4,7.3,1.3
"20200113",3.1,-4.1,11.5,1,5.5,0.6
"20200114",1.6,-4.8,9.1,-0.9,4.1,-0.2
"20200115",0.9,-11.6,11.7,-0.9,3,-1.9
"20200116",-0.1,-10.9,6.2,-3.6,1,-0.9
"20200117",-2.1,-6.1,4.4,-4.7,-1.4,-8.2
"20200118",-6.5,-10.7,2.8,-5.8,-3.6,-8.2
"20200119",-6.5,-8.6,4.3,-5.3,-4.6,-5.9
"20200120",-2.6,-8.7,5.3,-6.8,-2.3,-9
"20200121",-4,-11.8,7.2,-3.2,-2.3,-8.9
"20200122",-6.2,-11.8,7,-4,-5.5,-8.4
"20200123",2,-14.6,7.1,-9.5,-4.4,-9.6
"20200124",3.4,-15.9,7.5,-4,4.4,-12.4
"20200125",7.2,-12.7,6.4,1.5,5.7,-9.9
"20200126",8.1,-10.4,7.6,3.3,8.3,-6.2
"20200127",10.2,-4,9.7,6.6,6.4,0.4
"20200128",7.5,0.8,10.1,8.1,9.2,4.6
"20200129",5.9,2.1,10.7,3.9,7.3,2.7
"20200130",6.6,2.2,11.6,7.6,3,3
"20200131",4.4,2.5,14,4.8,6.2,1.7
"20200201",10.1,0.4,12.2,3.4,9.8,1.9
"20200202",9.3,0.5,11.7,9.9,10.4,2.7
"20200203",4.2,2.5,13.2,6.2,7.1,7.1
"20200204",2.8,1.3,9.8,2.6,4.2,2.6
"20200205",4.8,-0.4,7.1,1.3,4.3,0.8
"20200206",7.1,-1.3,9.5,2.7,5.3,-0.3
"20200207",6.6,-1.3,12.3,4.2,7.8,-1.4
"20200208",7.3,0,13.4,6.1,9.6,0
"20200209",6.9,-1,14.1,7.9,10.5,1.8
"20200210",3.4,0.9,12.7,5.6,5.1,3.2
"20200211",3.4,0.2,9.3,1.6,4.2,1.3
"20200212",2.4,-0.6,11.5,3,2.5,2
"20200213",1.9,1.1,14.6,2.9,4.2,-0.7
"20200214",4,-1.4,14.5,4.8,5,1.9
"20200215",2.3,1.8,13.3,4.7,6.9,5
"20200216",0,0.9,13.1,3.7,5.4,6.9
"20200217",0.2,-3.3,12.7,1,3.9,1.1
"20200218",2,-3.8,10.8,6.3,4.3,-0.5
"20200219",0.9,-4.5,8.5,3.8,3.9,-0.7
"20200220",3.7,-3.2,10.6,1.3,6.2,-1.3
"20200221",10.2,-5.1,10.6,4.4,11.7,-0.8
"20200222",8.8,-2.7,12.1,7.8,15,5.6
"20200223",3.5,1.4,13.2,3.6,11.7,9.5
"20200224",2,-1.7,11.6,2.8,4.4,2.8
"20200225",0.7,0,13.9,1.1,3.2,0.9
"20200226",0.5,0.4,11.4,-0.4,3.3,0.8
"20200227",1,1.3,13,-2.1,4.1,0.8
"20200228",1.3,-0.4,13.9,1.1,7.1,0
"20200303",2.8,-0.1,11,4.1,4.2,2
"20200304",3,0.5,9.6,2.5,4.5,0.4
"20200305",4.1,1.1,11.4,2.7,6.6,-0.1
"20200306",2.9,2.1,12,5.6,7.6,3.7
"20200307",2,0.9,10.1,3.2,4.2,7.4
"20200308",0.8,2.2,10,4.6,3.6,8.7
"20200309",2,4.3,7.7,3.9,2.9,7.8
"20200310",2.7,3.6,8.3,4.8,5,8.7
"20200311",3.5,4,9.4,5.2,6.5,5.8
"20200312",3.1,1.9,12.9,4.2,5.9,8
"20200313",2.9,0.5,12.1,4.1,5.3,3
"20200314",3.3,-0.4,13.5,1.4,5,1
"20200315",2.8,-1.6,10.2,2.2,2.8,0.1
"20200316",4,1.3,11.5,3.4,3.6,2.7
"20200317",4.4,2.3,11.9,4.4,5.2,2.5
"20200318",4.3,-3,12,5.3,8.4,5.3
"20200319",4.6,-5.7,10.9,1.5,6.5,-2.5
"20200320",5.1,-6.1,11.6,4.2,8.1,-0.7
"20200321",5.8,-4.1,14.6,5.3,8.1,1.6
"20200322",5.9,-3.4,15.5,4.4,7.7,3.9
"20200323",5.5,-3.1,12.7,1.8,7.1,3.2
"20200324",5.4,-3.4,11.3,1.7,6.8,0.9
"20200325",6,-0.4,10.4,2.7,8,0.6
"20200326",8.1,1.1,12.6,4.9,7.4,3.8
"20200327",8,2.2,11.7,4.9,8.9,5.1
"20200328",8.3,3.6,14,7.7,9.9,4.8
"20200329",7.9,4,14.1,8.1,12,5.3
"20200330",8.5,4.6,14.7,8.1,12.9,8.4
"20200331",8.3,4.9,17.5,8.9,15.8,10.7
"20200401",6.7,3.1,18.1,6,10.4,11.3
"20200402",9.8,2.3,15.5,6,9.4,5.4
"20200403",13.7,4.2,16.3,8.6,14.1,7.7
"20200404",14.1,4.5,15.9,13.1,15.1,11.6
"20200405",12.3,3.1,15.9,15.8,16.1,12.8
"20200406",10.8,5.5,16.8,12.4,15.7,14.4
"20200407",8.3,5.8,16.3,12.4,14.3,13.9
"20200408",7.2,9,16,10.8,10.1,17.5
"20200409",7.9,11.8,13.9,10.2,8.1,16.6
"20200410",9.7,10.6,12.8,8.5,8.9,17.9
"20200411",9.5,7.5,13.6,10.6,9.5,15.9
"20200412",11.4,7.7,16.3,11.8,11.7,15.2
"20200413",10.1,9.3,18.4,12.9,13.2,13
"20200414",10,11.8,16.4,10.2,12.3,14.7
"20200415",10,9.5,14.6,8.8,12.7,7.7
"20200416",10.7,2.4,17,12.3,15.3,10
"20200417",7.6,7.3,20.2,13.6,15.2,17.3
"20200418",7.5,10.8,16.8,10.3,10.7,15.9
"20200419",8.3,8.6,16.5,8.8,12.2,12.4
"20200420",8,7.2,15.2,7.6,11,10.3
"20200421",10,5.4,14.9,8.8,11.1,5.5
"20200422",10,4.6,16.1,9.1,13.9,10.4
"20200423",6,5.6,16.9,8.4,12.3,9.4
"20200424",2.9,8.9,16.4,7.1,6.8,13.6
"20200425",3.7,12.7,11.6,5.8,5.3,13.6
"20200426",3.9,14.2,14,8,9,8.6
"20200427",4,12.3,15.7,6.6,5.4,9.4
"20200428",4.9,14.3,15.5,7,6.6,13.5
"20200429",7.6,13,15.7,9,8.2,13.2
"20200430",9.5,11.5,15.4,8.7,11.8,14.7
"20200501",10.4,11.6,14.3,10.2,12.9,13.8
"20200502",12.1,14.3,13,12.1,14.1,15
"20200503",10,15,18.3,14.1,13.1,16.3
