"stockdate","ncg","powerpool","ttf","ztp","powerpool_uk_ocm"
"20160102",1971,2077,2075,20801,2077
"20160103",2144,2158,2101,20802,2158
"20160104",2155,2153,21157,21266,2153
"20160105",2142,2169,21231,21441,2169
"20160106",2198,2181,21412,21591,2181
"20160107",2191,2206,21412,21582,2206
"20160108",2227,2171,2075,21582,2171
"20160109",23,2252,2141,21465,2252
"20160110",2244,2223,21995,22088,2223
"20160111",2252,2251,22509,22475,2251
"20160112",2242,2239,22233,22179,2239
"20160113",2242,2251,22158,22211,2251
"20160114",2237,228,22158,22211,228
"20160115",224,2227,22158,22211,2227
"20160116",2346,2325,2226,22515,2325
"20160117",2179,2189,21678,21612,2189
"20160118",2146,2154,21207,21108,2154
"20160119",215,2144,21286,21207,2144
"20160120",2113,2122,20983,21073,2122
"20160121",2137,2132,21321,21073,2132
"20160122",2143,2143,21321,21073,2143
"20160123",2311,2274,21535,21506,2274
"20160124",2286,2175,21784,21549,2175
"20160125",2233,221,22045,21991,221
"20160126",2268,2254,223,22395,2254
"20160127",2237,2216,21951,21931,2216
"20160128",2275,2273,2261,21931,2273
"20160129",2284,2273,2261,21931,2273
"20160130",2396,2413,22725,22882,2413
"20160131",2467,2479,24553,24461,2479
"20160201",2443,247,24232,24442,247
"20160202",2545,2516,2512,2587,2516
"20160203",291,2911,28493,27567,2911
"20160204",3076,3174,29938,27567,3174
"20160205",3127,3089,29938,27567,3089
"20160206",3214,3605,3056,30026,3605
"20160207",3273,3287,33205,31836,3287
"20160208",4027,4023,39997,39005,4023
"20160209",3506,3655,33822,34088,3655
"20160210",2793,281,28151,28106,281
"20160211",2892,2864,28711,28106,2864
"20160212",2897,2866,28711,28106,2866
"20160213",318,275,27786,28636,275
"20160214",2398,2383,23485,23857,2383
"20160215",2318,2292,23081,23073,2292
"20160216",2364,2329,23517,24033,2329
"20160217",2358,234,23508,23484,234
"20160218",2368,2343,2373,23484,2343
"20160219",2368,236,2373,23484,236
"20160220",2496,23,24013,23723,23
"20160221",2357,234,233,23335,234
"20160222",2347,2323,2352,2316,2323
"20160223",2408,2385,23866,23713,2385
"20160224",2431,2406,24026,24038,2406
"20160225",2422,2348,23879,24038,2348
"20160226",2426,237,23879,24038,237
"20160227",2453,2441,2404,23882,2441
"20160228",2477,2458,24644,238,2458
"20160229",2449,2454,24257,24523,2454
"20160301",2402,2404,23802,24169,2404
"20160302",2404,2418,23783,2379,2418
"20160303",2401,2384,23436,2379,2384
"20160304",2402,2394,23436,2379,2394
"20160305",2511,2491,23713,23807,2491
"20160306",2465,2407,23628,23709,2407
"20160307",2414,2405,23738,2352,2405
"20160308",2442,2415,23654,23543,2415
"20160309",2461,2431,24089,24123,2431
"20160310",2472,2439,24279,24123,2439
"20160311",2436,2476,24279,24123,2476
"20160312",2294,21,24382,24285,21
"20160313",245,245,24059,24023,245
"20160314",2429,2418,23765,23994,2418
"20160315",251,2497,24562,24488,2497
"20160316",2465,2473,24324,24537,2473
"20160317",2423,2415,23934,24537,2415
"20160318",2459,2435,23934,24537,2435
"20160319",2644,2675,24461,24606,2675
"20160320",2521,2523,24957,24919,2523
"20160321",2532,2534,24958,24724,2534
"20160322",2491,2499,24669,24613,2499
"20160323",241,2424,23951,23419,2424
"20160324",2305,234,22417,21613,234
"20160325",2295,2342,22417,21613,2342
"20160326",2339,2298,22404,22516,2298
"20160327",2338,2357,22955,22818,2357
"20160328",2344,237,23266,23045,237
"20160329",2413,2423,23684,23858,2423
"20160330",2405,2425,23526,23656,2425
"20160331",2375,242,2438,22096,242
"20160401",2512,2448,2438,22096,2448
"20160402",2517,2548,25094,25046,2548
"20160403",253,253,24902,24992,253
"20160404",2522,2507,24947,24834,2507
"20160405",2483,2489,24599,24686,2489
"20160406",2527,2533,24763,24686,2533
"20160407",2636,249,24763,24653,249
"20160408",2584,2593,24763,24653,2593
"20160409",2619,2578,24763,24653,2578
"20160410",2451,2448,243,24573,2448
"20160411",2491,2481,247,24648,2481
"20160412",2489,2471,2471,2468,2471
"20160413",2532,2518,25095,25153,2518
"20160414",2532,2462,25141,25153,2462
"20160415",253,2516,25141,25153,2516
"20160416",2601,2471,25318,25348,2471
"20160417",2543,2527,25137,25105,2527
"20160418",2518,2514,25142,25331,2514
"20160419",2521,2508,25163,25348,2508
"20160420",2488,2463,2469,24672,2463
"20160421",25,2418,24856,24672,2418
"20160422",2506,2478,24856,24672,2478
"20160423",2623,2465,24941,25008,2465
"20160424",2512,2501,24978,25275,2501
"20160425",2469,2455,24492,24548,2455
"20160426",2442,2432,2428,24555,2432
"20160427",2433,2418,24107,24337,2418
"20160428",2439,2375,24342,24337,2375
"20160429",2443,241,24342,24337,241
"20160430",2368,2384,24425,24722,2384
"20160501",251,2508,25215,25424,2508
"20160502",2559,2531,25617,25965,2531
"20160503",2562,2554,25594,2577,2554
"20160504",2529,2513,25134,25528,2513
"20160505",2517,2489,25107,25528,2489
"20160506",2514,25,25107,25528,25
"20160507",2575,2589,25212,2564,2589
"20160508",2547,2561,2525,2564,2561
"20160509",2476,2464,24541,24616,2464
"20160510",2481,2484,24704,24949,2484
"20160511",2506,2501,24962,25004,2501
"20160512",2489,2495,24811,25004,2495
"20160513",2503,2498,24811,25004,2498
"20160514",253,2516,24801,2496,2516
"20160515",249,2479,2489,24916,2479
"20160516",2506,249,2492,24942,249
"20160517",2476,2458,24604,24628,2458
"20160518",2385,2412,24644,24474,2412
"20160519",2316,2354,2369,24474,2354
"20160520",2317,2347,2369,24474,2347
"20160521",2124,2208,23768,23657,2208
"20160522",2362,2343,231,22992,2343
"20160523",2327,2303,22901,2263,2303
"20160524",2355,2359,23176,23175,2359
"20160525",2345,2327,23204,23098,2327
"20160526",2325,2339,22926,23098,2339
"20160527",2336,2335,22926,23098,2335
"20160528",2407,234,23065,23073,234
"20160529",24,233,23725,23533,233
"20160530",2406,2398,23756,23692,2398
"20160531",2364,2348,23229,23021,2348
"20160601",2373,2364,23374,23176,2364
"20160602",2297,2259,22782,23176,2259
"20160603",2302,2316,22782,23176,2316
"20160604",2412,2441,22863,23077,2441
"20160605",245,2463,24222,23031,2463
"20160606",2437,2453,24158,23138,2453
"20160607",2396,2393,23711,23648,2393
"20160608",2411,2394,23708,23861,2394
"20160609",2376,2368,23496,23861,2368
"20160610",2383,2381,23496,23861,2381
"20160611",2453,2422,2374,23545,2422
"20160612",2402,2391,23867,23855,2391
"20160613",2419,2405,24026,24009,2405
"20160614",241,2404,23937,23885,2404
"20160615",2392,2384,23795,23747,2384
"20160616",2368,2357,23463,23661,2357
"20160617",2368,2356,23463,23661,2356
"20160618",24,232,2353,23793,232
"20160619",2403,2389,23941,23984,2389
"20160620",2378,2365,23639,2375,2365
"20160621",2381,2376,23738,23605,2376
"20160622",2383,2375,23707,2376,2375
"20160623",2392,2384,23778,2376,2384
"20160624",2393,2383,23778,2376,2383
"20160625",251,2462,23853,23928,2462
"20160626",2383,2372,23762,23847,2372
"20160627",2409,2402,23945,23871,2402
"20160628",2411,2401,24042,23927,2401
"20160629",24,2397,23873,23461,2397
"20160630",2403,2369,238,23461,2369
"20160701",2408,2352,238,23461,2352
"20160702",2389,2404,23932,24073,2404
"20160703",2441,2431,2424,24324,2431
"20160704",2463,2454,24646,24321,2454
"20160705",2481,246,24834,24902,246
"20160706",2484,2476,2494,25088,2476
"20160707",2486,25,25089,25088,25
"20160708",2488,2499,25089,25088,2499
"20160709",2595,2525,25272,25496,2525
"20160710",2548,2522,25432,25523,2522
"20160711",2473,2461,24696,2485,2461
"20160712",2461,2456,24506,2462,2456
"20160713",2457,2446,24517,24437,2446
"20160714",2463,2455,24603,24437,2455
"20160715",2465,2452,24603,24437,2452
"20160716",2476,2459,24663,24947,2459
"20160717",2449,2435,24358,24197,2435
"20160718",2456,2447,24566,2459,2447
"20160719",2403,2392,2402,23978,2392
"20160720",24,2389,23736,23973,2389
"20160721",2401,2355,23902,23973,2355
"20160722",2408,2356,23902,23973,2356
"20160723",2353,2376,24015,24016,2376
"20160724",2368,2373,23682,23572,2373
"20160725",2397,2383,23742,23597,2383
"20160726",2398,239,23857,23866,239
"20160727",2398,239,23931,23969,239
"20160728",2372,2351,23523,23969,2351
"20160729",238,2361,23523,23969,2361
"20160730",2422,2396,23745,23861,2396
"20160731",2401,2388,23883,23811,2388
"20160801",2418,2406,23831,23636,2406
"20160802",2402,2407,23698,23477,2407
"20160803",238,2377,23278,23185,2377
"20160804",2319,2319,22833,23185,2319
"20160805",2318,2331,22833,23185,2331
"20160806",2359,2278,23084,22684,2278
"20160807",2338,2346,23148,22792,2346
"20160808",2342,235,23104,23316,235
"20160809",2377,2386,23584,23692,2386
"20160810",2392,2408,23795,23747,2408
"20160811",2403,2384,23803,23747,2384
"20160812",2402,2403,23803,23747,2403
"20160813",2349,2425,24101,24034,2425
"20160814",2482,2469,24551,24355,2469
"20160815",2478,2486,24598,24744,2486
"20160816",2445,2466,24374,24343,2466
"20160817",2398,241,23639,23303,241
"20160818",2354,2353,23258,23303,2353
"20160819",2355,2353,23258,23303,2353
"20160820",2421,2353,23511,23647,2353
"20160821",249,2492,2474,2466,2492
"20160822",2483,2491,24658,24676,2491
"20160823",2468,2478,24589,24471,2478
"20160824",2495,25,2487,24869,25
"20160825",2435,2449,24355,24869,2449
"20160826",2449,245,24355,24869,245
"20160827",2477,2558,24633,24779,2558
"20160828",2455,2442,24387,24445,2442
"20160829",2471,2469,24603,24702,2469
"20160830",246,2456,24478,24673,2456
"20160831",2487,2475,24701,24618,2475
"20160901",2474,2463,247,24618,2463
"20160902",2473,2467,247,24618,2467
"20160903",249,2488,24844,25009,2488
"20160904",2578,2558,25677,25871,2558
"20160905",2569,2561,25833,25805,2561
"20160906",2569,2551,25653,25569,2551
"20160907",2583,2561,25846,25749,2561
"20160908",2537,2544,25677,25749,2544
"20160909",2557,2539,25677,25749,2539
"20160910",25,2434,25804,25713,2434
"20160911",2563,2549,25639,25662,2549
"20160912",256,2543,25548,25452,2543
"20160913",2563,2545,25645,25601,2545
"20160914",258,2558,25776,25756,2558
"20160915",2583,2549,25891,25756,2549
"20160916",2582,2564,25891,25756,2564
"20160917",2573,2512,26027,2604,2512
"20160918",2603,2589,25918,26332,2589
"20160919",2574,2559,25721,25633,2559
"20160920",2574,2562,25769,2578,2562
"20160921",2573,2553,25727,2584,2553
"20160922",2596,2554,26,2584,2554
"20160923",2594,2572,26,2584,2572
"20160924",2597,2563,25971,26161,2563
"20160925",2558,2553,25533,25655,2553
"20160926",2575,2556,2581,26056,2556
"20160927",2569,2552,25673,25807,2552
"20160928",257,2533,2577,25654,2533
"20160929",2554,2543,25493,25654,2543
"20160930",2559,2545,25493,25654,2545
"20161001",2542,261,25783,25408,261
"20170701",2648,2623,2609,2585,2623
"20170702",2636,2632,2605,25703,2632
"20170703",2652,2651,26346,2605,2651
"20170704",2656,2655,26461,2627,2655
"20170705",2648,2646,26247,25974,2646
"20170706",2621,2622,25979,25667,2622
"20170707",2596,2629,25979,25667,2629
"20170708",2608,2649,26086,25703,2649
"20170709",2636,2636,26124,26038,2636
"20170710",2636,2637,26147,26088,2637
"20170711",2647,265,26305,26355,265
"20170712",2651,2654,26313,26421,2654
"20170713",2632,2629,2595,26025,2629
"20170714",2628,2633,2595,26025,2633
"20170715",265,2645,26168,25975,2645
"20170716",2636,2636,26028,26025,2636
"20170717",2624,2624,25906,25969,2624
"20170718",26472,26122,25935,25983,26122
"20170719",2642,2636,26033,26169,2636
"20170720",2621,2624,25953,26031,2624
"20170721",2622,2645,25953,26031,2645
"20170722",2634,2649,26076,26075,2649
"20170723",2632,2625,25972,26023,2625
"20170724",2629,2633,26063,261,2633
"20170725",2634,2634,2615,26108,2634
"20170726",2627,2634,26124,262,2634
"20170727",259,2605,2555,25864,2605
"20170728",2601,2626,2555,25864,2626
"20170729",2627,2648,2555,25864,2648
"20170730",262,2621,26,2606,2621
"20170731",2614,2606,2585,25905,2606
"20170801",2616,26049,25957,26018,26049
"20170802",2585,2573,2575,25795,2573
"20170803",2514,2526,24663,24553,2526
"20170804",2516,2525,24663,24553,2525
"20170805",2584,2588,2505,25055,2588
"20170806",25512,25468,25251,25333,25468
"20170807",2561,2554,25301,25382,2554
"20170808",2587,2594,25743,259,2594
"20170809",2608,261,25833,259,261
"20170810",2592,2595,25753,2577,2595
"20170811",2597,2609,25753,2577,2609
"20170812",2621,2619,25851,25942,2619
"20170813",2584,2583,25541,2565,2583
"20170814",25884,25937,25403,25631,25937
"20170815",25753,26039,25699,25631,26039
"20170816",26066,26128,25843,2595,26128
"20170817",25607,25715,25327,2595,25715
"20170818",25496,25809,25327,2595,25809
"20170819",257,26027,25576,2595,26027
"20170820",25854,25882,25544,2575,25882
"20170821",25842,25895,25589,257,25895
"20170822",25966,25927,25579,256,25927
"20170823",26074,26044,25649,258,26044
"20170824",25632,2589,2545,2525,2589
"20170825",25856,25966,2545,2525,25966
"20170826",26125,26084,25442,25409,26084
"20170827",25755,25901,25,25295,25901
"20170828",25422,25775,2525,253,25775
"20170829",25507,25828,25353,2545,25828
"20170830",25718,25745,25323,25352,25745
"20170831",25507,25533,25116,25352,25533
"20170901",25664,25591,25116,25352,25591
"20170902",25875,25679,25257,254,25679
"20170903",2607,26053,259,25883,26053
"20170904",26039,25977,2594,2605,25977
"20170905",25968,25926,259,25886,25926
"20170906",25997,25986,2595,26024,25986
"20170907",26106,26112,261,26083,26112
"20170908",2612,26168,261,26083,26168
"20170909",2645,26345,26256,26287,26345
"20170910",2651,26413,26424,26389,26413
"20170911",26739,26651,26695,26627,26651
"20170912",26851,26759,26751,2681,26759
"20170913",27047,27011,26959,27036,27011
"20170914",26966,26794,26847,26942,26794
"20170915",26964,26966,26847,26942,26966
"20170916",26903,27021,26999,27019,27021
"20170917",27055,2709,27106,27076,2709
"20170918",2689,26699,2679,26804,26699
"20170919",26844,26753,26865,26767,26753
"20170920",2682,26796,26749,26725,26796
"20170921",26665,26743,26395,269,26743
"20170922",26654,2667,26395,269,2667
"20170923",26804,26732,26652,2695,26732
"20170924",26656,2663,26492,26565,2663
"20170925",2656,26592,26409,26431,26592
"20170926",26553,26623,26291,2625,26623
"20170927",26679,26665,26384,26433,26665
"20170928",26546,26571,26292,26319,26571
"20170929",26675,27087,26292,26319,27087
"20170930",26734,26683,26313,26271,26683
"20171001",26568,26633,26066,25982,26633
"20171002",26536,27271,26052,26106,27271
"20171003",26303,26491,25909,25873,26491
"20171004",26103,26217,256,25534,26217
"20171005",26026,26267,25555,25576,26267
"20171006",25706,26034,25555,25576,26034
"20171007",26295,26358,257,25714,26358
"20171008",26542,2637,26312,26261,2637
"20171009",26564,26545,26076,26098,26545
"20171010",26791,26884,26486,26455,26884
"20171011",27176,26798,26356,2635,26798
"20171012",28606,26625,26164,26089,26625
"20171013",27191,27197,26164,26089,27197
"20171014",26854,26998,26404,26418,26998
"20171015",26943,2696,2645,26615,2696
"20171016",26956,26959,26644,26605,26959
"20171017",26567,26581,26177,26097,26581
"20171018",26274,26208,25906,25861,26208
"20171019",26205,26183,25373,25314,26183
"20171020",25916,26629,25373,25314,26629
"20171021",26121,26193,25553,2555,26193
"20171022",26267,26114,25868,25942,26114
"20171023",26162,26178,25811,25869,26178
"20171024",26234,2628,25911,2601,2628
"20171025",25984,26262,25596,25867,26262
"20171026",26038,25654,24764,25315,25654
"20171027",26301,25497,24764,25315,25497
"20171028",26094,26565,25745,25729,26565
"20171029",25941,25867,25355,25464,25867
"20171030",26048,2664,25599,25639,2664
"20171031",26191,2624,25717,25781,2624
"20171101",2592,25493,25612,25819,25493
"20171102",25584,25749,25372,24993,25749
"20171103",25468,25926,25372,24993,25926
"20171104",26116,26459,25743,2595,26459
"20171105",3025,27218,2615,26151,27218
"20171106",27852,2676,26556,26557,2676
"20171107",26377,26317,26345,26375,26317
"20171108",26072,26036,25798,258,26036
"20171109",25849,26113,25755,25897,26113
"20171110",26092,26632,25755,25897,26632
"20171111",26286,26856,26017,26047,26856
"20171112",26498,27018,26203,26304,27018
"20171113",26918,26993,26744,26787,26993
"20171114",26096,27193,26961,27057,27193
"20171115",27509,27567,2737,27333,27567
"20171116",27103,278,27452,27597,278
"20171117",27521,28141,27452,27597,28141
"20171118",27345,28182,27625,27752,28182
"20171119",27754,27959,27692,27844,27959
"20171120",27896,28134,27826,27883,28134
"20171121",27703,27917,27667,27766,27917
"20171122",27826,28078,27796,27782,28078
"20171123",27701,28063,27604,27703,28063
"20171124",27724,27751,27604,27703,27751
"20171125",27888,28404,27774,27867,28404
"20171126",27869,28506,27759,27842,28506
"20171127",27997,28549,27812,2792,28549
"20171128",28106,28044,28,2805,28044
"20171129",28413,28581,28313,28367,28581
"20171130",28217,28156,27972,28114,28156
"20171201",28032,28069,27972,28114,28069
"20171202",2815,2818,28187,28237,2818
"20171203",28604,28371,28431,2852,28371
"20171204",29129,28975,29075,28955,28975
"20171205",29078,28568,28715,28664,28568
"20171206",28494,28421,28532,2848,28421
"20171207",28075,29532,28049,28043,29532
"20171208",28052,2847,28049,28043,2847
"20171209",28269,2735,28094,28213,2735
"20171210",27837,27518,27825,27932,27518
"20171211",2782,27903,27769,27825,27903
"20171212",27732,27851,27659,27695,27851
"20171213",27579,27849,27476,275,27849
"20171214",27464,2762,2737,27365,2762
"20171215",27285,26936,2737,27365,26936
"20171216",27517,27506,27415,27478,27506
"20171217",27704,27501,2765,27663,27501
"20171218",27683,27482,27497,276,27482
"20171219",27754,27609,27727,27685,27609
"20171220",27629,27455,27633,27558,27455
"20171221",27513,27529,27439,27446,27529
"20171222",27376,27594,27439,27446,27594
"20171223",27464,27489,27533,27343,27489
"20171224",26882,2677,26793,26778,2677
"20171225",26646,2648,27189,26692,2648
"20171226",26924,26673,27189,26692,26673
"20171227",27438,27444,27234,274,27444
"20171228",2725,26893,2718,274,26893
"20171229",27281,26945,2718,274,26945
"20171230",27312,2741,2754,27336,2741
"20171231",27056,27163,26824,2695,27163
"20180101",28656,26851,26393,2645,26851
"20180102",27171,26895,26393,2645,26895
"20180103",26886,26782,26568,26544,26782
"20180104",26467,26429,26056,261,26429
"20180105",26369,26424,26056,261,26424
"20180106",26494,26599,26288,2627,26599
"20180107",26857,26901,26717,2667,26901
"20180108",2681,26701,26657,26696,26701
"20180109",26983,2687,2695,26979,2687
"20180110",26956,26876,26895,26849,26876
"20180111",26633,26823,2641,26475,26823
"20180112",27324,26994,2641,26475,26994
"20180113",28995,2756,26648,26696,2756
"20180114",26536,26426,2632,26357,26426
"20180115",26395,26167,2618,26263,26167
"20180116",26301,26371,26114,26173,26371
"20180117",26434,2648,26404,26436,2648
"20180118",26263,2624,26057,26118,2624
"20180119",26225,26245,26057,26118,26245
"20180120",26498,26878,2638,26384,26878
"20180121",2681,2679,26454,26486,2679
"20180122",26715,27158,26543,26532,27158
"20180123",26376,26673,2649,26471,26673
"20180124",26516,26516,26298,26357,26516
"20180125",26569,26732,26342,26391,26732
"20180126",26361,27346,26342,26391,27346
"20180127",26624,27387,2658,26567,27387
"20180128",2618,26197,25898,25929,26197
"20180129",26017,25976,25765,2585,25976
"20180130",26053,26206,25701,25766,26206
"20180131",25721,2559,25351,25397,2559
"20180201",25238,25297,24883,24884,25297
"20180202",25241,25098,24883,24884,25098
"20180203",25335,25266,24999,25082,25266
"20180204",24907,24849,24524,24695,24849
"20180205",25111,25006,24579,24732,25006
"20180206",24426,24397,24117,24212,24397
"20180207",24482,24679,24406,24405,24679
"20180208",24743,2417,24556,244,2417
"20180209",24944,24698,24556,244,24698
"20180210",2492,24786,24616,24519,24786
"20180211",2478,2458,24412,24425,2458
"20180212",24897,24846,24662,24738,24846
"20180213",24948,24919,24739,24775,24919
"20180214",24672,24596,24299,24467,24596
"20180215",23892,24306,23486,2362,24306
"20180216",23906,24328,23486,2362,24328
"20180217",24101,24321,23676,23775,24321
"20180218",2408,24193,23744,23813,24193
"20180219",24148,24185,23894,23905,24185
"20180220",23929,23898,23626,237,23898
"20180221",23583,23786,23606,23621,23786
"20180222",23497,23398,23159,233,23398
"20180223",23516,23392,23159,233,23392
"20180224",24026,23691,23297,2343,23691
"20180225",23118,23077,2274,22819,23077
"20180226",23197,23122,22836,22875,23122
"20180227",23132,22995,22623,22675,22995
"20180228",23502,23378,23124,23177,23378
"20180301",2354,23244,22995,2306,23244
"20180302",23422,2323,22995,2306,2323
"20180303",23489,2359,23064,23191,2359
"20180304",24799,24757,24499,24608,24757
"20180305",24231,24116,23824,23812,24116
"20180306",2368,23491,2321,23263,23491
"20180307",23964,23838,23631,23595,23838
"20180308",23963,2385,23676,23547,2385
"20180309",2349,2299,23676,23547,2299
"20180310",23897,22281,23715,23676,22281
"20180311",23886,23833,23445,2363,23833
"20180312",23651,23624,23318,23225,23624
"20180313",23429,23352,23043,23082,23352
"20180314",23584,23722,23247,23241,23722
"20180315",23276,23491,22981,2319,23491
"20180316",23263,23288,22981,2319,23288
"20180317",23584,23437,23158,23138,23437
"20180318",23533,2333,23178,23152,2333
"20180319",23335,23031,22798,22774,23031
"20180320",22835,22673,22477,22492,22673
"20180321",22439,22447,2228,22268,22447
"20180322",22205,22242,22228,22256,22242
"20180323",22381,22677,22228,22256,22677
"20180324",22901,22549,2244,22402,22549
"20180325",22589,22281,21842,21972,22281
"20180326",22545,22355,22208,22306,22355
"20180327",22478,2225,22193,22248,2225
"20180328",22177,21427,21949,21969,21427
"20180329",21344,21589,2122,212,21589
"20180330",21377,21494,2122,212,21494
"20180331",21412,21428,21341,2125,21428
"20180401",21061,21142,20542,2061,21142
"20180402",21402,21298,2068,20862,21298
"20180403",20207,20144,19646,19651,20144
"20180404",20073,20028,19533,19499,20028
"20180405",19833,20167,18976,18946,20167
"20180406",20184,19515,18976,18946,19515
"20180407",20548,19742,1929,19294,19742
"20180408",20937,21294,20454,20364,21294
"20180409",2133,21514,21265,21292,21514
"20180410",21508,22004,21242,2141,22004
"20180411",21271,21273,20877,21129,21273
"20180412",21539,21577,21239,21155,21577
"20180413",21548,21562,21239,21155,21562
"20180414",21874,21635,213,21358,21635
"20180415",22191,22254,21782,21792,22254
"20180416",22135,22074,21588,21675,22074
"20180417",22088,22088,21491,21607,22088
"20180418",21835,21398,20952,21108,21398
"20180419",21382,21147,20952,21108,21147
"20180420",21333,2134,20952,21108,2134
"20180421",20448,20907,20952,21108,20907
"20180422",21435,21442,205,21108,21442
"20180423",20927,20796,20355,20416,20796
"20180424",20371,20249,19748,19822,20249
"20180425",19953,20031,19675,19688,20031
"20180426",20153,19855,19205,19313,19855
"20180427",20255,19991,19205,19313,19991
"20180428",20211,19849,19348,19429,19849
"20180429",2049,20345,19883,1995,20345
"20180430",19981,19962,196,19772,19962
"20180501",19414,1948,19223,19331,1948
"20180502",1923,1913,19073,19165,1913
"20180503",19589,1939,1945,19463,1939
"20180504",19665,19552,1945,19463,19552
"20180505",1986,19602,1945,19463,19602
"20180506",20072,19923,19411,19765,19923
"20180507",19674,19637,19319,19394,19637
"20180508",19091,19101,18738,18795,19101
"20180509",19272,19298,18978,19062,19298
"20180510",19842,19827,19516,19583,19827
"20180511",19928,19853,19516,19583,19853
"20180512",19959,19853,19641,19789,19853
"20180513",19721,19496,19229,19377,19496
"20180514",20197,19931,19655,19618,19931
"20180515",20042,19634,19427,19503,19634
"20180516",19756,19514,19283,19305,19514
"20180517",19271,18875,18772,18742,18875
"20180518",18759,19114,18772,18742,19114
"20180519",19234,19148,18853,18821,19148
"20180520",18951,18963,1886,18906,18963
"20180521",19144,19068,18672,18744,19068
"20180522",197,19816,19364,19447,19816
"20180523",19685,19557,19317,19286,19557
"20180524",19324,19272,1919,19043,19272
"20180525",19309,1927,1919,19043,1927
"20180526",19506,1931,1919,19043,1931
"20180527",19464,19386,19153,19212,19386
"20180528",19195,19112,18891,18811,19112
"20180529",18975,18938,18687,1872,18938
"20180530",18629,18672,18352,1835,18672
"20180531",18362,18192,18051,17996,18192
"20180601",18404,18214,18051,17996,18214
"20180602",18512,18409,18375,183,18409
"20180603",18216,18032,18082,18066,18032
"20180604",1851,18029,18221,18205,18029
"20180605",17985,17759,17639,17879,17759
"20180606",17266,16941,17131,17168,16941
"20180607",16016,16016,15794,15879,16016
"20180608",16134,16143,15794,15879,16143
"20180609",16293,15935,16128,159,15935
"20180610",16199,16123,159,16046,16123
"20180611",16965,16589,1693,17093,16589
"20180612",1733,17053,17165,17347,17053
"20180613",17525,16871,17737,17757,16871
"20180614",17419,17395,17281,17303,17395
"20180615",17418,17434,17281,17303,17434
"20180616",17708,17395,1763,17559,17395
"20180617",18738,184,18357,18589,184
"20180618",17464,17371,17434,1748,17371
"20180619",17479,17282,17385,17485,17282
"20180620",17303,1712,17445,17435,1712
"20180621",17196,17103,17234,17108,17103
"20180622",17138,171,17234,17108,171
"20180623",17438,17222,17421,17466,17222
"20180624",17567,16776,17599,17589,16776
"20180625",17521,17195,17344,17507,17195
"20180626",1767,17461,17606,17663,17461
"20180627",17405,17244,17205,172,17244
"20180628",17047,16515,17457,16925,16515
"20180629",17033,16792,17457,16925,16792
"20180630",17301,17081,17196,17105,17081
"20180701",17129,1691,1717,17138,1691
"20180702",16706,16455,16464,16441,16455
"20180703",1647,16267,16297,16232,16267
"20180704",16244,16194,16292,16305,16194
"20180705",15843,15175,15451,15565,15175
"20180706",15782,1565,15451,15565,1565
"20180707",15879,1555,15544,15542,1555
"20180708",15461,1534,15178,15314,1534
"20180709",16024,15647,15371,15321,15647
"20180710",15777,15561,15418,15386,15561
"20180711",15602,15425,15318,1532,15425
"20180712",1534,15394,15053,15177,15394
"20180713",15341,15372,15053,15177,15372
"20180714",15501,15399,15163,15252,15399
"20180715",16405,15935,15882,15964,15935
"20180716",16162,16796,15819,15906,16796
"20180717",16576,1643,16347,16211,1643
"20180718",17053,16612,16506,16574,16612
"20180719",16974,1684,16812,168,1684
"20180720",16964,16368,16812,168,16368
"20180721",17195,16777,16884,16918,16777
"20180722",16688,16503,16376,164,16503
"20180723",16632,16521,1634,16357,16521
"20180724",16984,168,1662,16586,168
"20180725",17231,1693,16949,16974,1693
"20180726",17752,17729,17637,17471,17729
"20180727",17806,17932,17637,17471,17932
"20180728",1797,18051,17683,17693,18051
"20180729",18461,18155,18141,1824,18155
"20180730",18498,18371,18406,18349,18371
"20180731",17849,17823,17655,17766,17823
"20180801",17278,17228,17197,17134,17228
"20180802",16889,16908,17167,17257,16908
"20180803",16785,16896,17167,17257,16896
"20180804",17225,16891,17298,17414,16891
"20180805",16305,16302,16056,16235,16302
"20180806",16598,16198,16396,16334,16198
"20180807",16819,16496,16898,16788,16496
"20180808",16814,16896,16864,16739,16896
"20180809",16184,16299,16043,1599,16299
"20180810",16194,16301,16043,1599,16301
"20180811",16458,16342,16121,16141,16342
"20180812",16646,16642,16633,16633,16642
"20180813",16634,16513,16553,16463,16513
"20180814",16684,16634,16469,16504,16634
"20180815",17567,17213,16987,17135,17213
"20180816",18379,17736,1816,17509,17736
"20180817",18376,17679,1816,17509,17679
"20180818",18427,18118,18304,17752,18118
"20180819",18221,17862,18095,18088,17862
"20180820",18111,17492,18072,18082,17492
"20180821",17764,17533,17636,17639,17533
"20180822",17465,17245,17372,17327,17245
"20180823",18071,17831,1778,17977,17831
"20180824",17908,17608,1778,17977,17608
"20180825",18162,17913,1778,17977,17913
"20180826",18249,18203,17915,18022,18203
"20180827",18829,18721,18819,1873,18721
"20180828",18329,18089,17963,17921,18089
"20180829",19151,18911,18935,1885,18911
"20180830",19158,18921,19164,1915,18921
"20180831",19379,18949,19164,1915,18949
"20180901",19636,19198,19258,192,19198
"20180902",209,20609,20764,20849,20609
"20180903",20872,20562,21129,21049,20562
"20180904",19987,19643,19794,19874,19643
"20180905",2055,20333,20601,20528,20333
"20180906",20102,19865,20156,20098,19865
"20180907",20129,19889,20156,20098,19889
"20180908",20267,20071,20219,20227,20071
"20180909",2172,20065,20165,2017,20065
"20180910",20136,19853,1988,19994,19853
"20180911",1987,19744,19691,19671,19744
"20180912",20042,19776,19802,19715,19776
"20180913",19566,19506,19456,19422,19506
"20180914",19629,19549,19456,19422,19549
"20180915",20096,19833,19611,19457,19833
"20180916",21013,20652,20706,20631,20652
"20180917",21756,21885,21423,21423,21885
"20180918",21628,21371,21216,21371,21371
"20180919",21738,21588,21499,21519,21588
"20180920",21263,21017,21235,21019,21017
"20180921",21165,20941,21235,21019,20941
"20180922",21593,21425,21358,21407,21425
"20180923",21918,21734,21332,21351,21734
"20180924",21891,21889,2156,215,21889
"20180925",21839,21849,21475,21317,21849
"20180926",22412,22247,21888,2205,22247
"20180927",21936,22049,22353,21974,22049
"20180928",21808,22047,22353,21974,22047
"20180929",222,22118,22463,2212,22118
"20180930",22146,22022,21898,21647,22022
"20181001",22437,22388,22153,22268,22388
"20181002",22741,22702,22247,22277,22702
"20181003",2211,2205,2185,22005,2205
"20181004",21485,21309,20908,20637,21309
"20181005",21554,21393,20908,20637,21393
"20181006",21515,21297,21282,21314,21297
"20181007",21375,21055,20547,20549,21055
"20181008",21182,20891,206,2055,20891
"20181009",20774,20478,20206,20217,20478
"20181010",21318,21043,20899,20872,21043
"20181011",2155,21308,21231,21362,21308
"20181012",21536,21335,21231,21362,21335
"20181013",21781,21424,2145,21464,21424
"20181014",21233,20833,20752,20801,20833
"20181015",21554,21115,2124,2115,21115
"20181016",2132,20964,20958,20927,20964
"20181017",21464,21324,21129,21,21324
"20181018",20627,20537,20558,20572,20537
"20181019",20563,20458,20558,20572,20458
"20181020",21661,21539,21405,21377,21539
"20181021",20836,20431,20373,20365,20431
"20181022",21986,21967,21471,21502,21967
"20181023",22871,22536,21986,2224,22536
"20181024",22855,22527,22315,22325,22527
"20181025",22131,21958,21732,21671,21958
"20181026",2203,21881,21732,21671,21881
"20181027",22314,22035,21849,21869,22035
"20181028",22427,22122,21794,21864,22122
"20181029",22606,22458,22198,22291,22458
"20181030",22907,22948,2266,22665,22948
"20181031",22221,22268,21166,21826,22268
"20181101",19998,20121,19529,19745,20121
"20181102",19933,20111,19529,19745,20111
"20181103",20776,20762,20577,20704,20762
"20181104",22507,22221,22225,22094,22221
"20181105",22394,22371,22082,2213,22371
"20181106",22448,22576,21989,22049,22576
"20181107",22216,22372,2182,2191,22372
"20181108",22392,22262,21841,21968,22262
"20181109",22399,22284,21841,21968,22284
"20181110",22535,22613,2196,22132,22613
"20181111",23138,23202,22826,22897,23202
"20181112",23086,22901,22734,2262,22901
"20181113",23016,2291,22755,22738,2291
"20181114",22733,22668,22015,22409,22668
"20181115",22195,22221,22032,21897,22221
"20181116",2221,22241,22032,21897,22241
"20181117",2253,22411,22144,22118,22411
"20181118",23352,22933,22615,2272,22933
"20181119",22982,22894,22891,2275,22894
"20181120",23102,23059,22893,2295,23059
"20181121",23274,23286,231,23203,23286
"20181122",23203,23268,23074,22898,23268
"20181123",2317,23139,23074,22898,23139
"20181124",23337,23395,23119,23036,23395
"20181125",24385,24085,24065,23875,24085
"20181126",24879,24594,24442,24492,24594
"20181127",2496,24832,24576,2465,24832
"20181128",24557,24615,24264,24275,24615
"20181129",24326,24296,24003,23985,24296
"20181130",24319,2432,24003,23985,2432
"20181201",24387,24448,24361,244,24448
"20181202",24593,24291,24215,24238,24291
"20181203",23927,23853,23744,23848,23853
"20181204",23708,23725,23612,23883,23725
"20181205",23348,23488,23484,2375,23488
"20181206",23207,23329,2333,235,23329
"20181207",23245,23279,2333,235,23279
"20181208",23456,23387,23346,235,23387
"20181209",23327,2305,23158,233,2305
"20181210",23237,2302,22928,23142,2302
"20181211",23295,23351,23254,23324,23351
"20181212",22802,22767,22719,22825,22767
"20181213",22841,22739,22641,22783,22739
"20181214",22826,22724,22641,22783,22724
"20181215",22983,22833,22706,2285,22833
"20181216",2266,22464,22459,22588,22464
"20181217",2253,22321,22371,2235,22321
"20181218",22582,22509,22574,22703,22509
"20181219",22555,22479,2249,22482,22479
"20181220",22192,22174,21956,22161,22174
"20181221",22233,22415,21956,22161,22415
"20181222",22341,22256,21973,22213,22256
"20181223",22063,22186,21898,22036,22186
"20181224",21992,22244,21952,21934,22244
"20181225",22004,22394,21952,22389,22394
"20181226",22461,22825,21952,22389,22825
"20181227",23055,22923,21952,22389,22923
"20181228",23119,2295,21952,22389,2295
"20181229",23816,24011,22493,2261,24011
"20181230",22227,21968,21891,22076,21968
"20181231",21488,21438,21133,21269,21438
"20190101",21499,21122,21133,21269,21122
"20190102",2151,21598,2092,212,21598
"20190103",20599,20583,20272,20373,20583
"20190104",20644,20598,20272,20373,20598
"20190105",21537,20773,20399,20612,20773
"20190106",20765,20466,19978,2024,20466
"20190107",20112,20087,19465,20017,20087
"20190108",19685,19665,19051,1936,19665
"20190109",19711,19772,19272,19453,19772
"20190110",19469,19506,19068,19217,19506
"20190111",19568,19572,19068,19217,19572
"20190112",19977,19783,19321,19398,19783
"20190113",19986,19932,19604,19835,19932
"20190114",20929,2104,19888,20097,2104
"20190115",21295,21029,2052,20814,21029
"20190116",20492,20405,20045,20312,20405
"20190117",20137,20181,19677,20073,20181
"20190118",20232,20241,19677,20073,20241
"20190119",20398,20189,19793,20301,20189
"20190120",19748,19588,19277,19575,19588
"20190121",1952,19447,19099,19261,19447
"20190122",1983,19725,19311,19629,19725
"20190123",19915,19892,19265,1958,19892
"20190124",19943,20297,19325,1974,20297
"20190125",19897,19986,19325,1974,19986
"20190126",20055,20006,19422,19818,20006
"20190127",20115,20012,19453,19713,20012
"20190128",20311,20272,19794,19977,20272
"20190129",20539,20613,20088,20282,20613
"20190130",21151,21155,20901,21026,21155
"20190131",20824,20891,20395,20655,20891
"20190201",20879,20768,20395,20655,20768
"20190202",2092,20842,20487,2071,20842
"20190203",21146,21127,20765,21194,21127
"20190204",21039,20989,20674,20852,20989
"20190205",21341,21171,20989,21209,21171
"20190206",21869,2152,21538,21476,2152
"20190207",21867,21587,21459,21736,21587
"20190208",21813,21611,21459,21736,21611
"20190209",21888,21512,2152,21794,21512
"20190210",21667,2137,2127,21383,2137
"20190211",23269,2306,22871,23486,2306
"20190212",23518,23195,23126,23364,23195
"20190213",23907,23513,23665,23775,23513
"20190214",239,23815,23881,23787,23815
"20190215",23747,23807,23881,23787,23807
"20190216",24037,24122,23858,23914,24122
"20190217",23475,23351,23238,23418,23351
"20190218",23105,23105,22881,22936,23105
"20190219",23433,23294,23158,23338,23294
"20190220",22735,22642,225,22675,22642
"20190221",22543,22452,22276,22368,22452
"20190222",22513,22482,22276,22368,22482
"20190223",22589,2256,22304,22347,2256
"20190224",22389,22264,22183,22299,22264
"20190225",22929,22736,2255,22652,22736
"20190226",23363,23194,23117,23214,23194
"20190227",24161,23977,23966,24061,23977
"20190228",23606,23582,23576,2351,23582
"20190301",23519,23525,23576,2351,23525
"20190302",23625,23455,23663,23683,23455
"20190303",2314,23009,22955,22999,23009
"20190304",22747,22669,22583,22725,22669
"20190305",22771,22605,22584,22625,22605
"20190306",22346,22312,22327,22028,22312
"20190307",21415,21087,20905,21038,21087
"20190308",21349,20866,20905,21038,20866
"20190309",21462,20983,21043,21127,20983
"20190310",21786,2125,21734,21852,2125
"20190311",21671,21292,21625,21679,21292
"20190312",22132,21866,22116,22085,21866
"20190313",22327,22182,22434,22533,22182
"20190314",21902,21671,21772,21809,21671
"20190315",21845,21641,21772,21809,21641
"20190316",21971,21633,21749,21863,21633
"20190317",21825,21612,21732,21579,21612
"20190318",21379,21228,2117,21198,21228
"20190319",21481,21266,21431,21574,21266
"20190320",21464,21244,21351,21402,21244
"20190321",21162,20961,20975,2108,20961
"20190322",2126,21101,20975,2108,21101
"20190323",2133,21116,2108,21158,21116
"20190324",21252,21112,20981,21059,21112
"20190325",21451,21347,21309,21338,21347
"20190326",21556,21443,2152,21544,21443
"20190327",21879,21541,21646,21683,21541
"20190328",22324,21986,22157,2231,21986
"20190329",22212,21857,22157,2231,21857
"20190330",22317,22021,22102,2222,22021
"20190331",2209,21973,2196,21935,21973
"20190401",22224,22124,22143,2209,22124
"20190402",22712,2272,22368,22502,2272
"20190403",22776,2295,22804,22895,2295
"20190404",22749,22692,22804,22895,22692
"20190405",22713,22426,22804,22895,22426
"20190406",22705,22086,22804,22895,22086
"20190407",22837,22671,228,22859,22671
"20190408",22136,21948,21916,21928,21948
"20190409",22407,22224,22419,22368,22224
"20190410",22465,22363,22544,22494,22363
"20190411",22293,22073,22175,22271,22073
"20190412",22339,21918,22175,22271,21918
"20190413",22519,22186,22406,22307,22186
"20190414",22636,22452,22567,22448,22452
"20190415",22442,2223,22524,22376,2223
"20190416",22288,22136,22138,22192,22136
"20190417",22087,22003,2207,22017,22003
"20190418",2174,2164,21572,21569,2164
"20190419",21792,21697,21572,21569,21697
"20190420",21813,21589,2175,21574,21589
"20190421",21569,21234,21395,21397,21234
"20190422",21729,21588,21652,216,21588
"20190423",21549,21472,21569,215,21472
"20190424",21428,21345,215,2145,21345
"20190425",21322,21328,21275,2125,21328
"20190426",21236,21229,21275,2125,21229
"20190427",21483,21397,21534,21353,21397
"20190428",21603,21751,21697,21469,21751
"20190429",21414,21625,21365,21163,21625
"20190430",21302,21295,21399,21102,21295
"20190501",20964,21004,21058,21159,21004
"20190502",20677,20781,20466,20495,20781
"20190503",20562,2072,20466,20495,2072
"20190504",20524,20715,20466,20495,20715
"20190505",20324,20231,2057,20541,20231
"20190506",20556,20494,20408,203,20494
"20190507",20619,20609,205,20464,20609
"20190508",20537,2101,20356,20464,2101
"20190509",20598,206,20357,2035,206
"20190510",20359,20555,20357,2035,20555
"20190511",20411,20558,20354,20335,20558
"20190512",20974,20907,207,20818,20907
"20190513",20998,21056,20869,22,21056
"20190514",21017,20937,20966,2095,20937
"20190515",2065,20614,20452,2095,20614
"20190516",20718,20699,206,2065,20699
"20190517",20682,20692,206,2065,20692
"20190518",20707,20744,2065,2065,20744
"20190519",20807,20723,20598,20616,20723
"20190520",20783,20712,20897,20576,20712
"20190521",20932,20832,20589,206,20832
"20190522",20785,20671,20517,2058,20671
"20190523",20623,20597,20296,20402,20597
"20190524",20584,20511,20296,20402,20511
"20190525",2046,20417,20296,20402,20417
"20190526",20634,20655,20348,2045,20655
"20190527",2083,20833,20614,20622,20833
"20190528",2081,2084,20589,20571,2084
"20190529",20866,20864,20698,20703,20864
"20190530",20721,20713,20491,205,20713
"20190531",2059,20563,20491,205,20563
"20190601",20625,20611,20522,205,20611
"20190602",20662,20617,2045,205,20617
"20190603",20577,20565,20486,205,20565
"20190604",20529,20563,2035,20408,20563
"20190605",2045,20478,20137,2023,20478
"20190606",20353,20321,20186,2023,20321
"20190607",20441,20329,20186,2023,20329
"20190608",20472,20469,20192,2025,20469
"20190609",20728,20687,204,2044,20687
"20190610",20766,20718,20643,2055,20718
"20190611",20887,20833,20746,20675,20833
"20190612",20594,20588,2045,20425,20588
"20190613",20499,20408,20248,2025,20408
"20190614",2049,20448,20248,2025,20448
"20190615",20552,2054,20344,2035,2054
"20190616",20658,20651,204,20427,20651
"20190617",20703,2071,20498,20544,2071
"20190618",20594,20613,204,20544,20613
"20190619",20502,20579,203,20349,20579
"20190620",20762,20741,205,20625,20741
"20190621",20782,2077,205,20625,2077
"20190622",20822,2082,20638,2065,2082
"20190623",20947,20905,2045,207,20905
"20190624",21267,21223,21123,21138,21223
"20190625",21064,21093,20954,20883,21093
"20190626",20827,20695,206,20548,20695
"20190627",2076,20732,20508,20436,20732
"20190628",20679,20658,20508,20436,20658
"20190629",20746,20727,20545,20478,20727
"20190630",20763,20736,21309,2044,20736
"20190701",20798,20778,205,20448,20778
"20190702",20982,20964,20802,208,20964
"20190703",21094,2095,20932,20946,2095
"20190704",21037,211,2103,21015,211
"20190705",21064,21105,2103,21015,21105
"20190706",21134,21121,21122,2125,21121
"20190707",21279,21079,21043,21027,21079
"20190708",20946,20931,20908,2105,20931
"20190709",20884,20844,208,20704,20844
"20190710",20986,20858,20765,20841,20858
"20190711",21016,20971,21052,21036,20971
"20190712",21015,20977,21052,21036,20977
"20190713",2106,21024,2111,21028,21024
"20190714",21177,21141,2112,211,21141
"20190715",21154,21097,2105,211,21097
"20190716",21232,21148,212,213,21148
"20190717",2128,21212,2125,2125,21212
"20190718",20985,21017,21025,209,21017
"20190719",21015,21016,21025,209,21016
"20190720",21185,21084,21083,2095,21084
"20190721",21226,21087,21129,2109,21087
"20190722",2116,21047,2105,2109,21047
"20190723",20904,20821,20779,20772,20821
"20190724",20763,20685,2065,20583,20685
"20190725",20647,20649,20511,2045,20649
"20190726",2066,20656,20511,2045,20656
"20190727",20733,20682,2065,20505,20682
"20190728",20669,20618,20466,20368,20618
"20190729",20851,20811,20626,20645,20811
"20190730",20875,20827,2075,20732,20827
"20190731",21061,20991,2085,2083,20991
"20190801",20808,20751,20642,2061,20751
"20190802",20766,20495,20642,2061,20495
"20190803",20808,20495,20661,2064,20495
"20190804",2069,20465,2045,20324,20465
"20190805",20549,20383,20401,2035,20383
"20190806",20386,20191,20053,19982,20191
"20190807",20693,20536,20468,20475,20536
"20190808",20195,20108,20117,19931,20108
"20190809",20189,20104,20117,19931,20104
"20190810",20325,20166,20154,2,20166
"20190811",20201,20168,20035,19829,20168
"20190812",20188,20314,20137,201,20314
"20190813",19884,20131,19767,19694,20131
"20190814",19908,199,19637,19475,199
"20190815",19832,1961,19479,19306,1961
"20190816",19723,19662,19479,19306,19662
"20190817",19959,19778,19576,19486,19778
"20190818",19936,19764,19497,1945,19764
"20190819",19511,19789,19486,1965,19789
"20190820",19643,19571,194,1945,19571
"20190821",1932,19208,19001,18917,19208
"20190822",19152,19026,18936,18847,19026
"20190823",19157,1902,18936,18847,1902
"20190824",19415,19118,1907,18934,19118
"20190825",18951,1902,18592,18291,1902
"20190826",19588,18881,18833,18463,18881
"20190827",19245,18795,1885,1869,18795
"20190828",1938,18979,19141,18907,18979
"20190829",19297,19012,19021,18756,19012
"20190830",19293,19005,19021,18756,19005
"20190831",19372,19041,19021,18756,19041
"20190901",19435,19204,191,18855,19204
"20190902",19617,19394,194,19104,19394
"20190903",19836,19668,19661,19581,19668
"20190904",19991,19782,1995,19828,19782
"20190905",19755,19534,19612,19595,19534
"20190906",19764,19556,19612,19595,19556
"20190907",19772,19584,19762,19635,19584
"20190908",1962,19499,19627,19594,19499
"20190909",19547,19319,19376,19351,19319
"20190910",1967,19462,19511,19525,19462
"20190911",19547,19278,19352,19336,19278
"20190912",19436,19256,193,192,19256
"20190913",19441,19253,193,192,19253
"20190914",19529,19252,193,1925,19252
"20190915",19431,19283,194,19348,19283
"20190916",19356,19119,19162,19136,19119
"20190917",19422,19175,19193,192,19175
"20190918",19331,19106,191,192,19106
"20190919",1899,18836,188,18757,18836
"20190920",189,18865,188,18757,18865
"20190921",18996,18963,1895,18959,18963
"20190922",19062,18843,1879,18881,18843
"20190923",19273,19031,19038,19042,19031
"20190924",19541,19176,19253,193,19176
"20190925",18955,18803,18762,18807,18803
"20190926",18906,18756,18564,18675,18756
"20190927",18942,18784,18564,18675,18784
"20190928",19096,18893,18783,1875,18893
"20190929",18892,18709,18555,18582,18709
"20190930",18911,18708,186,18597,18708
"20191001",18664,1844,18516,185,1844
"20191002",18352,1824,18222,18122,1824
"20191003",1774,17837,17605,17477,17837
"20191004",17681,17683,17605,17477,17683
"20191005",17817,1774,1769,17503,1774
"20191006",18326,17986,17896,17857,17986
"20191007",18356,17985,17831,179,17985
"20191008",18569,1846,18222,1822,1846
"20191009",18802,18571,18502,18535,18571
"20191010",18458,18541,18362,18401,18541
"20191011",18619,18644,18362,18401,18644
"20191012",18987,18957,18633,185,18957
"20191013",18765,18621,18399,18392,18621
"20191014",18613,18615,18286,184,18615
"20191015",18469,18541,18166,18174,18541
"20191016",18658,18533,18648,18352,18533
"20191017",18562,1835,18202,18205,1835
"20191018",18511,18122,18202,18205,18122
"20191019",18698,18203,18338,18453,18203
"20191020",19012,18754,18639,1875,18754
"20191021",18688,18573,1841,18496,18573
"20191022",18477,18269,18252,18341,18269
"20191023",18515,18214,18199,18221,18214
"20191024",1826,18087,18118,18119,18087
"20191025",18259,18074,18118,18119,18074
"20191026",18424,18115,18233,1825,18115
"20191027",18301,18127,18107,18213,18127
"20191028",18348,18259,18074,18086,18259
"20191029",18341,18204,18074,18128,18204
"20191030",18501,18193,18088,18124,18193
"20191031",17851,17796,17468,1755,17796
"20191101",17609,17796,17468,1755,17796
"20191102",18225,1789,17573,17717,1789
"20191103",1795,17869,17544,176,17869
"20191104",17832,17831,17551,1755,17831
"20191105",17874,17883,17618,17628,17883
"20191106",17364,17237,17227,17014,17237
"20191107",17015,17039,16675,17014,17039
"20191108",1704,17031,16675,17014,17031
"20191109",17155,17073,16794,16771,17073
"20191110",16841,16936,16569,16569,16936
"20191111",17365,16972,16643,16591,16972
"20191112",16715,16806,16353,164,16806
"20191113",16427,16525,16114,16125,16525
"20191114",16533,16451,16124,16149,16451
"20191115",16485,16532,16124,16149,16532
"20191116",16538,16544,16166,16275,16544
"20191117",16896,16819,16366,16486,16819
"20191118",1706,16956,16724,1675,16956
"20191119",17165,17068,16781,16775,17068
"20191120",17436,17578,17289,17437,17578
"20191121",17575,17426,17366,17376,17426
"20191122",17686,17825,17366,17376,17825
"20191123",17965,17851,17567,17549,17851
"20191124",17652,17506,17301,17347,17506
"20191125",18002,17798,17582,17575,17798
"20191126",18034,17838,17652,17745,17838
"20191127",18087,18006,17754,17875,18006
"20191128",17945,17705,17425,1755,17705
"20191129",17915,17717,17425,1755,17717
"20191130",17879,17738,17493,176,17738
"20191201",17872,17835,17587,17624,17835
"20191202",18047,17853,17861,178,17853
"20191203",18019,17903,17882,17968,17903
"20191204",17515,1736,17399,17527,1736
"20191205",17441,17149,17023,16978,17149
"20191206",17318,17355,17023,16978,17355
"20191207",17349,17169,17204,172,17169
"20191208",17012,16957,16834,1693,16957
"20191209",16929,16724,16607,167,16724
"20191210",16866,16767,16523,16576,16767
"20191211",1685,1668,16484,16539,1668
"20191212",16493,16569,16241,1635,16569
"20191213",16461,16487,16241,1635,16487
"20191214",16575,16477,16367,1645,16477
"20191215",16185,16181,15925,16011,16181
"20191216",16183,16317,1596,15997,16317
"20191217",15798,15716,15579,15726,15716
"20191218",15129,14613,14732,14794,14613
"20191219",14968,14887,14558,14592,14887
"20191220",14944,14854,14558,14592,14854
"20191221",15025,14916,14584,148,14916
"20191222",14685,14828,14507,144,14828
"20191223",14444,14673,14227,14263,14673
"20191224",13944,14133,13769,1365,14133
"20191225",13706,14021,13769,1375,14021
"20191226",13752,13748,13769,1375,13748
"20191227",13825,13769,13769,1375,13769
"20191228",14089,14111,13769,1375,14111
"20191229",14338,14664,13769,1369,14664
"20191230",15349,152,14923,14983,152
"20191231",15177,15267,1498,1499,15267
"20200101",14774,15021,14233,1499,15021
"20200102",15034,15231,14233,1499,15231
"20200103",14971,15359,14233,1499,15359
"20200104",15176,15672,14197,1499,15672
"20200105",15005,15574,14403,146,15574
"20200106",15233,15342,14825,1505,15342
"20200107",1547,15563,15087,1525,15563
"20200108",1555,15538,15044,15325,15538
"20200109",14997,1488,14571,146,1488
"20200110",1491,14948,14571,146,14948
"20200111",15018,15054,1473,14591,15054
"20200112",15065,15105,14776,1485,15105
"20200113",14439,14475,14039,14052,14475
"20200114",14628,14622,14143,143,14622
"20200115",14228,14286,14261,13995,14286
"20200116",13759,1386,13407,13645,1386
"20200117",13824,13885,13407,13645,13885
"20200118",14268,14086,13465,13671,14086
"20200119",1404,13846,13307,13877,13846
"20200120",14216,14081,13539,13815,14081
"20200121",13601,13528,12895,13409,13528
"20200122",13315,13122,12501,1305,13122
"20200123",13806,13692,1304,13214,13692
"20200124",13895,13695,1304,13214,13695
"20200125",13697,13664,13132,13206,13664
"20200126",13229,12925,12736,12888,12925
"20200127",13044,12908,12383,12448,12908
"20200128",13573,13286,13089,13,13286
"20200129",13983,13807,13594,13709,13807
"20200130",13578,13443,13117,133,13443
"20200131",13605,13554,13117,133,13554
"20200201",13599,13512,13175,133,13512
"20200202",13319,13094,12909,129,13094
"20200203",13142,13011,1255,12654,13011
"20200204",13429,13592,12883,1298,13592
"20200205",12956,132,12485,12599,132
"20200206",12645,12644,1205,1215,12644
"20200207",1259,12489,1205,1215,12489
"20200208",12703,12686,1212,1215,12686
"20200209",12676,12632,12201,12283,12632
"20200210",12794,12551,12327,125,12551
"20200211",12651,12501,12077,12262,12501
"20200212",12459,12479,12049,1215,12479
"20200213",12621,12613,12156,12225,12613
"20200214",12549,12523,12156,12225,12523
"20200215",12741,12699,1225,1225,12699
"20200216",12841,12833,12273,12546,12833
"20200217",12758,12814,1235,12605,12814
"20200218",12671,12672,12289,12544,12672
"20200219",12759,12762,12375,12585,12762
"20200220",12468,12458,11972,11993,12458
"20200221",12255,12383,11972,11993,12383
"20200222",12205,12345,1207,12185,12345
"20200223",12758,1275,12324,1245,1275
"20200224",12958,12902,12716,12883,12902
"20200225",12685,12583,12399,12625,12583
"20200226",1267,12573,12252,12578,12573
"20200227",12676,12629,1219,123,12629
"20200228",12615,12548,1219,123,12548
"20200303",1287,12858,1266,1286,12858
"20200304",1274,12726,12555,12907,12726
"20200305",12536,12575,12355,127,12575
"20200306",12549,1249,12355,127,1249
"20200307",12724,1268,12443,1285,1268
"20200308",12628,12574,12338,126,12574
"20200309",12817,12699,12456,13,12699
"20200310",12769,12719,12371,126,12719
"20200311",12608,12438,12237,12428,12438
"20200312",12452,12459,1215,122,12459
"20200313",12465,12455,1215,122,12455
"20200314",12597,12602,1219,1235,12602
"20200315",12695,12631,12292,1235,12631
"20200316",12699,1263,12379,12376,1263
"20200317",1266,12548,12291,1245,12548
"20200318",12536,12487,12617,12458,12487
"20200319",1237,12445,1228,12458,12445
"20200320",1238,12439,1228,12458,12439
"20200321",12497,12534,12317,12458,12534
"20200322",12369,12297,1217,122,12297
"20200323",1225,12234,11973,12218,12234
"20200324",1225,12229,12033,121,12229
"20200325",12197,12016,11876,1185,12016
"20200326",12133,11875,11876,1185,11875
"20200327",12061,11955,11876,1185,11955
"20200328",11966,11872,11876,1185,11872
"20200329",12158,1214,1203,122,1214
"20200330",12259,12198,1209,12252,12198
"20200331",12224,12293,1208,1215,12293
"20200401",1228,12331,12091,12201,12331
"20200402",11778,11875,11843,12097,11875
"20200403",11694,11837,11843,12097,11837
"20200404",11837,11917,11829,12,11917
"20200405",11525,11437,11449,1152,11437
"20200406",114,11435,11273,11349,11435
"20200407",1154,1153,114,11445,1153
"20200408",11468,11435,11256,112,11435
"20200409",11374,11308,11151,1115,11308
"20200410",11331,11265,11151,1115,11265
"20200411",11273,11324,11154,1115,11324
"20200412",11291,11355,11155,111,11355
"20200413",11415,11448,11206,113,11448
"20200414",11444,11428,11287,115,11428
"20200415",11443,11531,113,115,11531
"20200416",11592,11589,11191,115,11589
"20200417",11449,11595,11191,115,11595
"20200418",11575,117,1121,113,117
"20200419",11623,11764,1132,1135,11764
"20200420",11823,11961,11691,121,11961
"20200421",11909,12143,11882,1215,12143
"20200422",12611,12703,12499,123,12703
"20200423",12795,1306,12736,1265,1306
"20200424",12941,13188,12736,1265,13188
"20200425",13137,13348,12762,127,13348
"20200426",13369,13575,13042,13177,13575
"20200427",14389,14469,14004,14671,14469
"20200428",14711,14612,14514,1465,14612
"20200429",13479,13665,13488,13427,13665
"20200430",12976,13098,12894,12949,13098
"20200501",12964,12882,12894,12949,12882
"20200502",12979,13031,12894,12949,13031
"20200503",12916,12899,12942,13087,12899
